text_name,errors,,
exam2014/AAl_15_1.txt,1,,
exam2014/AAl_17_1.txt,1,,
exam2014/AAl_1_2.txt,1,,
exam2014/AAl_22_2.txt,1,,4
exam2014/AAl_28_2.txt,1,,
exam2014/AAl_35_1.txt,1,,
exam2014/AAl_3_1.txt,1,,
exam2014/AAl_5_2.txt,1,,
exam2014/AAl_6_1.txt,1,,
exam2014/AAl_8_1.txt,1,,
exam2014/ADe_11_2.txt,1,,
exam2014/ADe_12_2.txt,1,,
exam2014/ADe_6_1.txt,1,,
exam2014/AMe_13_2.txt,1,,
exam2014/AMe_1_2.txt,1,,
exam2014/AMe_21_1.txt,1,,
exam2014/AMe_25_1.txt,1,,
exam2014/ASt_18_1.txt,1,,
exam2014/ASt_18_2.txt,1,,
exam2014/ASt_21_2.txt,1,,
exam2014/ASt_24_2.txt,1,,
exam2014/ASt_27_1.txt,1,,
exam2014/ASt_27_2.txt,1,,
exam2014/ASt_30_1.txt,1,,
exam2014/DAr_12_2.txt,1,,
exam2014/DAr_13_1.txt,1,,
exam2014/DAr_15_2.txt,1,,
exam2014/DAr_1_1.txt,1,,
exam2014/DAr_22_1.txt,1,,
exam2014/DAr_23_1.txt,1,,
exam2014/DAr_23_2.txt,1,,
exam2014/DAr_25_1.txt,1,,
exam2014/DAr_27_1.txt,1,,
exam2014/DAr_27_2.txt,1,,
exam2014/DAr_28_1.txt,1,,
exam2014/DAr_30_2.txt,1,,
exam2014/DAr_34_2.txt,1,,
exam2014/DAr_36_1.txt,1,,
exam2014/DAr_37_2.txt,1,,
exam2014/DAr_38_2.txt,1,,
exam2014/DAr_42_2.txt,1,,
exam2014/DAr_7_2(full).txt,1,,
exam2014/DAr_8_1.txt,1,,
exam2014/DZu_13_2.txt,1,,
exam2014/DZu_14_1.txt,1,,
exam2014/DZu_15_1.txt,1,,
exam2014/DZu_17_1.txt,1,,
exam2014/DZu_17_2.txt,1,,
exam2014/DZu_19_1.txt,1,,
exam2014/DZu_1_2.txt,1,,
exam2014/DZu_21_1.txt,1,,
exam2014/DZu_22_1.txt,1,,
exam2014/DZu_22_2.txt,1,,
exam2014/DZu_23_1.txt,1,,
exam2014/DZu_26_2.txt,1,,
exam2014/DZu_27_1.txt,1,,
exam2014/DZu_28_1.txt,1,,
exam2014/DZu_28_2.txt,1,,
exam2014/DZu_2_1.txt,1,,
exam2014/DZu_31_1.txt,1,,
exam2014/DZu_32_2.txt,1,,
exam2014/DZu_34_1.txt,1,,
exam2014/DZu_35_1.txt,1,,
exam2014/DZu_37_2.txt,1,,
exam2014/DZu_5_1.txt,1,,
exam2014/DZu_5_2.txt,1,,
exam2014/DZu_6_1.txt,1,,
exam2014/EEm_10_1.txt,1,,
exam2014/EEm_14_1.txt,1,,
exam2014/EEm_23_1.txt,1,,
exam2014/EEm_33_1.txt,1,,
exam2014/EEm_3_2.txt,1,,
exam2014/EEm_4_2.txt,1,,
exam2014/EPa_22_1.txt,1,,
exam2014/EPa_28_1.txt,1,,
exam2014/EPa_32_1.txt,1,,
exam2014/EPa_34_2.txt,1,,
exam2014/EPa_36_1.txt,1,,
exam2014/EPa_3_1.txt,1,,
exam2014/EPa_40_2.txt,1,,
exam2014/EPa_42_1.txt,1,,
exam2014/EPa_45_1.txt,1,,
exam2014/EPa_57_2.txt,1,,
exam2014/EPa_58_1.txt,1,,
exam2014/EPa_58_2.txt,1,,
exam2014/EPa_63_2.txt,1,,
exam2014/EPa_69_1.txt,1,,
exam2014/EPa_6_1.txt,1,,
exam2014/EPa_77_1.txt,1,,
exam2014/EPa_7_1.txt,1,,
exam2014/ESha_11_1.txt,1,,
exam2014/ESha_11_2.txt,1,,
exam2014/ESha_12_1.txt,1,,
exam2014/ESha_15_2.txt,1,,
exam2014/ESha_18_2.txt,1,,
exam2014/ESha_19_1.txt,1,,
exam2014/ESha_1_1.txt,1,,
exam2014/ESha_23_2.txt,1,,
exam2014/ESha_26_1.txt,1,,
exam2014/ESha_27_2.txt,1,,
exam2014/ESha_28_2.txt,1,,
exam2014/ESha_30_2.txt,1,,
exam2014/ESha_32_1.txt,1,,
exam2014/ESha_32_2.txt,1,,
exam2014/ESha_34_1.txt,1,,
exam2014/ESha_47_1.txt,1,,
exam2014/ESha_48_1.txt,1,,
exam2014/ESha_52_1.txt,1,,
exam2014/ESha_53_2.txt,1,,
exam2014/ESha_54_1.txt,1,,
exam2014/ESha_60_1.txt,1,,
exam2014/ESha_61_2.txt,1,,
exam2014/ESha_62_2.txt,1,,
exam2014/ESha_66_2.txt,1,,
exam2014/ESha_67_2.txt,1,,
exam2014/ESha_9_1.txt,1,,
exam2014/EZa_10_1.txt,1,,
exam2014/EZa_10_2.txt,1,,
exam2014/EZa_41_2.txt,1,,
exam2014/KKo_18_1.txt,1,,
exam2014/KKo_20_2.txt,1,,
exam2014/KKo_2_2.txt,1,,
exam2014/LPo_19_2.txt,1,,
exam2014/MBi_21_1.txt,1,,
exam2014/MBi_21_2.txt,1,,
exam2014/MBi_3_1.txt,1,,
exam2014/MGr_19_1.txt,1,,
exam2014/MGr_21_1.txt,1,,
exam2014/MGr_22_1.txt,1,,
exam2014/MGr_2_2.txt,1,,
exam2014/MGr_3_2.txt,1,,
exam2014/MGr_9_2.txt,1,,
exam2014/MTsy_10_2.txt,1,,
exam2014/MTsy_11_1.txt,1,,
exam2014/MTsy_13_2.txt,1,,
exam2014/MTsy_14_2.txt,1,,
exam2014/MTsy_15_2.txt,1,,
exam2014/MTsy_16_1.txt,1,,
exam2014/MTsy_16_2.txt,1,,
exam2014/MTsy_18_1.txt,1,,
exam2014/MTsy_19_2.txt,1,,
exam2014/MTsy_20_2.txt,1,,
exam2014/MTsy_24_2.txt,1,,
exam2014/MTsy_26_2.txt,1,,
exam2014/MTsy_29_2.txt,1,,
exam2014/MTsy_38_2.txt,1,,
exam2014/MTsy_39_2.txt,1,,
exam2014/MTsy_9_2.txt,1,,
exam2014/TSha_11_1.txt,1,,
exam2014/TSha_19_2.txt,1,,
exam2014/TSha_22_1.txt,1,,
exam2014/TSha_3_2.txt,1,,
exam2014/VKo_19_1.txt,1,,
exam2014/VKo_28_1.txt,1,,
exam2014/VKo_28_2.txt,1,,
exam2014/VKo_3_2.txt,1,,
exam2014/VKo_6_1.txt,1,,
exam2014/VKo_8_1.txt,1,,
exam2014/VPe_15_2.txt,1,,
exam2014/VPe_16_2.txt,1,,
exam2014/VPe_17_1.txt,1,,
exam2014/VPe_21_2.txt,1,,
exam2014/VPe_24_2.txt,1,,
exam2014/VPe_25_2.txt,1,,
exam2014/VPe_28_1.txt,1,,
exam2014/VPe_29_1.txt,1,,
exam2014/VPe_29_2.txt,1,,
exam2014/VPe_31_2.txt,1,,
exam2014/VPe_39_1.txt,1,,
exam2014/VPe_46_2.txt,1,,
exam2014/ZEv_1_2.txt,1,,
exam2014/ZEv_25_2.txt,1,,
exam2014/ZEv_31_2.txt,1,,
exam2014/ZEv_35_2.txt,1,,
exam2014/ZEv_5_2.txt,1,,
exam2015/KT_16_2.txt,1,,
exam2015/KT_1_2.txt,1,,
exam2015/KT_9_1.txt,1,,
exam2016/EKu_131_2.txt,1,,
exam2016/EKu_132_1.txt,1,,
exam2016/EKu_143_1.txt,1,,
exam2016/EKu_147_1.txt,1,,
exam2016/EKu_150_1.txt,1,,
exam2016/EKu_150_2.txt,1,,
exam2016/EKu_159_2.txt,1,,
exam2016/EKu_172_1.txt,1,,
exam2016/EKu_172_2.txt,1,,
exam2016/EKu_181_1.txt,1,,
exam2016/EKu_185_1.txt,1,,
exam2016/EKu_185_2.txt,1,,
exam2016/EKu_20_2.txt,1,,
exam2016/EKu_25_1.txt,1,,
exam2016/EKu_26_1.txt,1,,
exam2016/EKu_26_2.txt,1,,
exam2016/EKu_30_2.txt,1,,
exam2016/EKu_33_1.txt,1,,
exam2016/EKu_36_1.txt,1,,
exam2016/EKu_37_1.txt,1,,
exam2016/EKu_37_2.txt,1,,
exam2016/EKu_39_2.txt,1,,
exam2016/EKu_40_1.txt,1,,
exam2016/EKu_42_1.txt,1,,
exam2016/EKu_43_2.txt,1,,
exam2016/EKu_45_1.txt,1,,
exam2016/EKu_4_2.txt,1,,
exam2016/EKu_53_2.txt,1,,
exam2016/EKu_54_2.txt,1,,
exam2016/EKu_60_2.txt,1,,
exam2016/EKu_64_2.txt,1,,
exam2016/EKu_66_1.txt,1,,
exam2016/EKu_72_2.txt,1,,
exam2016/EKu_7_1.txt,1,,
exam2016/EKu_80_1.txt,1,,
exam2016/EKu_80_2.txt,1,,
exam2016/EKu_82_2.txt,1,,
exam2016/EKu_83_1.txt,1,,
exam2016/EKu_86_1.txt,1,,
exam2016/EKu_86_2.txt,1,,
exam2016/EKu_9_1.txt,1,,
exam2016/JSl_103_2.txt,1,,
exam2016/JSl_104_2.txt,1,,
exam2016/JSl_105_1.txt,1,,
exam2016/JSl_109_2.txt,1,,
exam2016/JSl_114_2.txt,1,,
exam2016/JSl_115_1.txt,1,,
exam2016/JSl_121_2.txt,1,,
exam2016/JSl_122_1.txt,1,,
exam2016/JSl_123_2.txt,1,,
exam2016/JSl_124_1.txt,1,,
exam2016/JSl_125_1.txt,1,,
exam2016/JSl_125_2.txt,1,,
exam2016/JSl_126_1.txt,1,,
exam2016/JSl_126_2.txt,1,,
exam2016/JSl_128_1.txt,1,,
exam2016/JSl_128_2.txt,1,,
exam2016/JSl_129_1.txt,1,,
exam2016/JSl_133_1.txt,1,,
exam2016/JSl_13_2.txt,1,,
exam2016/JSl_140_1.txt,1,,
exam2016/JSl_146_1.txt,1,,
exam2016/JSl_147_1.txt,1,,
exam2016/JSl_149_2.txt,1,,
exam2016/JSl_14_1.txt,1,,
exam2016/JSl_151_2.txt,1,,
exam2016/JSl_152_1.txt,1,,
exam2016/JSl_152_2.txt,1,,
exam2016/JSl_155_2.txt,1,,
exam2016/JSl_160_1.txt,1,,
exam2016/JSl_160_2.txt,1,,
exam2016/JSl_162_2.txt,1,,
exam2016/JSl_166_1.txt,1,,
exam2016/JSl_16_1.txt,1,,
exam2016/JSl_19_1.txt,1,,
exam2016/JSl_1_1.txt,1,,
exam2016/JSl_20_2.txt,1,,
exam2016/JSl_22_1.txt,1,,
exam2016/JSl_24_1.txt,1,,
exam2016/JSl_25_1.txt,1,,
exam2016/JSl_26_1.txt,1,,
exam2016/JSl_27_1.txt,1,,
exam2016/JSl_29_1.txt,1,,
exam2016/JSl_31_1.txt,1,,
exam2016/JSl_37_1.txt,1,,
exam2016/JSl_38_1.txt,1,,
exam2016/JSl_38_2.txt,1,,
exam2016/JSl_3_1.txt,1,,
exam2016/JSl_42_1.txt,1,,
exam2016/JSl_43_1.txt,1,,
exam2016/JSl_45_1.txt,1,,
exam2016/JSl_45_2.txt,1,,
exam2016/JSl_46_2.txt,1,,
exam2016/JSl_47_2.txt,1,,
exam2016/JSl_50_2.txt,1,,
exam2016/JSl_54_2.txt,1,,
exam2016/JSl_55_2.txt,1,,
exam2016/JSl_56_1.txt,1,,
exam2016/JSl_56_2.txt,1,,
exam2016/JSl_57_2.txt,1,,
exam2016/JSl_59_1.txt,1,,
exam2016/JSl_61_2.txt,1,,
exam2016/JSl_62_1.txt,1,,
exam2016/JSl_66_2.txt,1,,
exam2016/JSl_6_2.txt,1,,
exam2016/JSl_72_2.txt,1,,
exam2016/JSl_73_1.txt,1,,
exam2016/JSl_73_2.txt,1,,
exam2016/JSl_74_2.txt,1,,
exam2016/JSl_77_2.txt,1,,
exam2016/JSl_81_1.txt,1,,
exam2016/JSl_81_2.txt,1,,
exam2016/JSl_85_1.txt,1,,
exam2016/JSl_85_2.txt,1,,
exam2016/JSl_87_1.txt,1,,
exam2016/JSl_88_1.txt,1,,
exam2016/JSl_8_1.txt,1,,
exam2016/JSl_96_2.txt,1,,
exam2016/JSl_97_1.txt,1,,
exam2016/JSl_97_2.txt,1,,
exam2016/JSl_98_2.txt,1,,
exam2016/JSl_99_1.txt,1,,
exam2016/JSl_9_1.txt,1,,
exam2016/MTsy_10_2.txt,1,,
exam2016/MTsy_18_2.txt,1,,
exam2016/MTsy_27_2.txt,1,,
exam2016/MTsy_29_2.txt,1,,
exam2016/MTsy_34_1.txt,1,,
exam2016/MTsy_36_2.txt,1,,
exam2016/MTsy_37_2.txt,1,,
exam2016/MTsy_38_2.txt,1,,
exam2016/MTsy_3_2.txt,1,,
exam2016/MTsy_42_2.txt,1,,
exam2016/MTsy_47_2.txt,1,,
exam2016/MTsy_4_2.txt,1,,
exam2016/NMa_24_2.txt,1,,
exam2016/NMa_3_1.txt,1,,
exam2016/NMa_3_2.txt,1,,
exam2016/OR_100_1.txt,1,,
exam2016/OR_100_2.txt,1,,
exam2016/OR_104_1.txt,1,,
exam2016/OR_104_2.txt,1,,
exam2016/OR_105_2.txt,1,,
exam2016/OR_107_2.txt,1,,
exam2016/OR_114_2.txt,1,,
exam2016/OR_116_2.txt,1,,
exam2016/OR_119_2.txt,1,,
exam2016/OR_11_1.txt,1,,
exam2016/OR_123_2.txt,1,,
exam2016/OR_125_1.txt,1,,
exam2016/OR_127_2.txt,1,,
exam2016/OR_19_2.txt,1,,
exam2016/OR_1_2.txt,1,,
exam2016/OR_22_2.txt,1,,
exam2016/OR_23_1.txt,1,,
exam2016/OR_31_1.txt,1,,
exam2016/OR_31_2.txt,1,,
exam2016/OR_32_2.txt,1,,
exam2016/OR_33_2.txt,1,,
exam2016/OR_40_2.txt,1,,
exam2016/OR_42_2.txt,1,,
exam2016/OR_44_1.txt,1,,
exam2016/OR_47_2.txt,1,,
exam2016/OR_53_1.txt,1,,
exam2016/OR_57_2.txt,1,,
exam2016/OR_5_2.txt,1,,
exam2016/OR_63_2.txt,1,,
exam2016/OR_64_2.txt,1,,
exam2016/OR_65_2.txt,1,,
exam2016/OR_67_1.txt,1,,
exam2016/OR_68_2.txt,1,,
exam2016/OR_71_2.txt,1,,
exam2016/OR_74_1.txt,1,,
exam2016/OR_75_1.txt,1,,
exam2016/OR_75_2.txt,1,,
exam2016/OR_81_2.txt,1,,
exam2016/OR_86_2.txt,1,,
exam2016/OR_89_1.txt,1,,
exam2016/OR_90_2.txt,1,,
exam2016/OR_94_1.txt,1,,
exam2016/OR_94_2.txt,1,,
exam2016/OR_96_1.txt,1,,
exam2016/OR_96_2.txt,1,,
exam2016/OR_97_1.txt,1,,
exam2016/OR_98_1.txt,1,,
exam2016/OR_99_1.txt,1,,
exam2016/OR_9_1.txt,1,,
exam2016/ZEv_13_2.txt,1,,
exam2016/ZEv_16_1.txt,1,,
exam2016/ZEv_18_2.txt,1,,
exam2016/ZEv_19_2.txt,1,,
exam2016/ZEv_20_2.txt,1,,
exam2016/ZEv_23_2.txt,1,,
exam2016/ZEv_31_1.txt,1,,
exam2016/ZEv_34_1.txt,1,,
exam2016/ZEv_38_2.txt,1,,
exam2016/ZEv_44_1.txt,1,,
exam2016/ZEv_45_1.txt,1,,
exam2016/ZEv_46_2.txt,1,,
exam2017/ABl_11_2.txt,1,,
exam2017/ABl_16_2.txt,1,,
exam2017/ABl_18_1.txt,1,,
exam2017/ABl_18_2.txt,1,,
exam2017/ABl_24_2.txt,1,,
exam2017/ABl_31_2.txt,1,,
exam2017/ABl_38_2.txt,1,,
exam2017/AKo_2_2.txt,1,,
exam2017/DOv_12_2.txt,1,,
exam2017/DOv_13_1.txt,1,,
exam2017/DOv_14_2.txt,1,,
exam2017/DOv_16_2.txt,1,,
exam2017/DOv_17_2.txt,1,,
exam2017/DOv_22_1.txt,1,,
exam2017/DOv_22_2.txt,1,,
exam2017/DOv_24_2.txt,1,,
exam2017/DOv_29_1.txt,1,,
exam2017/DOv_6_2.txt,1,,
exam2017/DPe_12_1.txt,1,,
exam2017/DPe_18_2.txt,1,,
exam2017/DPe_27_1.txt,1,,
exam2017/DPe_28_1.txt,1,,
exam2017/DPe_2_2.txt,1,,
exam2017/DPe_30_2.txt,1,,
exam2017/DPe_34_2.txt,1,,
exam2017/DPe_3_2.txt,1,,
exam2017/DPe_40_1.txt,1,,
exam2017/DPe_40_2.txt,1,,
exam2017/DPe_42_2.txt,1,,
exam2017/DPe_43_2.txt,1,,
exam2017/DPe_47_2.txt,1,,
exam2017/DPe_49_2.txt,1,,
exam2017/DPe_50_2.txt,1,,
exam2017/DPe_53_1.txt,1,,
exam2017/DPe_56_2.txt,1,,
exam2017/DPe_57_2.txt,1,,
exam2017/DPe_61_2.txt,1,,
exam2017/DPe_62_2.txt,1,,
exam2017/DPe_65_2.txt,1,,
exam2017/DPe_66_1.txt,1,,
exam2017/DPe_67_1.txt,1,,
exam2017/DPe_67_2.txt,1,,
exam2017/DPe_68_1.txt,1,,
exam2017/DPe_68_2.txt,1,,
exam2017/DPe_69_2.txt,1,,
exam2017/DPe_70_2.txt,1,,
exam2017/DPe_75_2.txt,1,,
exam2017/DPe_77_1.txt,1,,
exam2017/DPe_78_2.txt,1,,
exam2017/DPe_7_2.txt,1,,
exam2017/DPe_81_1.txt,1,,
exam2017/DPe_82_1.txt,1,,
exam2017/DPe_83_2.txt,1,,
exam2017/EGe_100_1.txt,1,,
exam2017/EGe_104_2.txt,1,,
exam2017/EGe_105_1.txt,1,,
exam2017/EGe_105_2.txt,1,,
exam2017/EGe_107_1.txt,1,,
exam2017/EGe_108_1.txt,1,,
exam2017/EGe_10_2.txt,1,,
exam2017/EGe_112_1.txt,1,,
exam2017/EGe_120_1.txt,1,,
exam2017/EGe_12_1.txt,1,,
exam2017/EGe_130_1.txt,1,,
exam2017/EGe_145_2.txt,1,,
exam2017/EGe_148_1.txt,1,,
exam2017/EGe_148_2.txt,1,,
exam2017/EGe_14_2.txt,1,,
exam2017/EGe_153_1.txt,1,,
exam2017/EGe_15_1.txt,1,,
exam2017/EGe_163_2.txt,1,,
exam2017/EGe_169_1.txt,1,,
exam2017/EGe_16_1.txt,1,,
exam2017/EGe_172_1.txt,1,,
exam2017/EGe_173_1.txt,1,,
exam2017/EGe_179_2.txt,1,,
exam2017/EGe_182_2.txt,1,,
exam2017/EGe_183_1.txt,1,,
exam2017/EGe_184_2.txt,1,,
exam2017/EGe_187_2.txt,1,,
exam2017/EGe_188_1.txt,1,,
exam2017/EGe_18_1.txt,1,,
exam2017/EGe_191_1.txt,1,,
exam2017/EGe_192_2.txt,1,,
exam2017/EGe_194_2.txt,1,,
exam2017/EGe_196_2.txt,1,,
exam2017/EGe_197_1.txt,1,,
exam2017/EGe_198_1.txt,1,,
exam2017/EGe_19_1.txt,1,,
exam2017/EGe_19_2.txt,1,,
exam2017/EGe_203_2.txt,1,,
exam2017/EGe_207_2.txt,1,,
exam2017/EGe_209_2.txt,1,,
exam2017/EGe_20_1.txt,1,,
exam2017/EGe_211_1.txt,1,,
exam2017/EGe_213_1.txt,1,,
exam2017/EGe_215_1.txt,1,,
exam2017/EGe_216_1.txt,1,,
exam2017/EGe_216_2.txt,1,,
exam2017/EGe_217_1.txt,1,,
exam2017/EGe_217_2.txt,1,,
exam2017/EGe_218_1.txt,1,,
exam2017/EGe_219_2.txt,1,,
exam2017/EGe_220_2.txt,1,,
exam2017/EGe_221_2.txt,1,,
exam2017/EGe_222_2.txt,1,,
exam2017/EGe_223_2.txt,1,,
exam2017/EGe_226_2.txt,1,,
exam2017/EGe_227_2.txt,1,,
exam2017/EGe_228_1.txt,1,,
exam2017/EGe_229_2.txt,1,,
exam2017/EGe_22_2.txt,1,,
exam2017/EGe_232_2.txt,1,,
exam2017/EGe_236_1.txt,1,,
exam2017/EGe_236_2.txt,1,,
exam2017/EGe_237_1.txt,1,,
exam2017/EGe_239_2.txt,1,,
exam2017/EGe_23_2.txt,1,,
exam2017/EGe_241_2.txt,1,,
exam2017/EGe_242_2.txt,1,,
exam2017/EGe_243_2.txt,1,,
exam2017/EGe_244_1.txt,1,,
exam2017/EGe_244_2.txt,1,,
exam2017/EGe_245_2.txt,1,,
exam2017/EGe_246_2.txt,1,,
exam2017/EGe_247_2.txt,1,,
exam2017/EGe_250_1.txt,1,,
exam2017/EGe_250_2.txt,1,,
exam2017/EGe_263_2.txt,1,,
exam2017/EGe_265_2.txt,1,,
exam2017/EGe_269_2.txt,1,,
exam2017/EGe_271_2.txt,1,,
exam2017/EGe_272_1.txt,1,,
exam2017/EGe_33_2.txt,1,,
exam2017/EGe_38_1.txt,1,,
exam2017/EGe_55_1.txt,1,,
exam2017/EGe_55_2.txt,1,,
exam2017/EGe_68_1.txt,1,,
exam2017/EGe_71_1.txt,1,,
exam2017/EGe_72_1.txt,1,,
exam2017/EGe_74_1.txt,1,,
exam2017/EGe_75_2.txt,1,,
exam2017/EGe_78_2.txt,1,,
exam2017/EGe_79_2.txt,1,,
exam2017/EGe_82_2.txt,1,,
exam2017/EGe_84_2.txt,1,,
exam2017/EGe_86_2.txt,1,,
exam2017/EGe_88_2.txt,1,,
exam2017/EGe_8_1.txt,1,,
exam2017/EGe_90_1.txt,1,,
exam2017/EGe_93_2.txt,1,,
exam2017/KTR_11_2.txt,1,,
exam2017/KTR_16_1.txt,1,,
exam2017/KTR_5_2.txt,1,,
exam2017/MPa_10_1.txt,1,,
exam2017/MPa_20_1.txt,1,,
exam2017/MPa_32_1.txt,1,,
exam2017/MPa_37_1.txt,1,,
exam2017/MPa_39_1.txt,1,,
exam2017/MPa_54_1.txt,1,,
exam2017/MPa_63_1.txt,1,,
exam2017/MPa_77_1.txt,1,,
exam2017/MPa_79_1.txt,1,,
exam2017/NChe_11_1.txt,1,,
exam2017/NChe_6_1.txt,1,,
exam2017/NMya_11_1.txt,1,,
exam2017/NMya_17_2.txt,1,,
exam2017/NMya_18_1.txt,1,,
exam2017/NMya_19_2.txt,1,,
exam2017/NMya_20_1.txt,1,,
exam2017/NMya_21_1.txt,1,,
exam2017/NMya_21_2.txt,1,,
exam2017/NMya_25_2.txt,1,,
exam2017/NMya_26_2.txt,1,,
exam2017/NMya_27_1.txt,1,,
exam2017/NMya_2_2.txt,1,,
exam2017/NMya_30_2.txt,1,,
exam2017/NMya_33_1.txt,1,,
exam2017/NMya_33_2.txt,1,,
exam2017/NMya_3_2.txt,1,,
exam2017/NMya_4_2.txt,1,,
exam2017/NMya_6_2.txt,1,,
exam2017/NMya_8_1.txt,1,,
exam2017/NMya_9_1.txt,1,,
exam2017/OBy_111_2.txt,1,,
exam2017/OBy_127_2.txt,1,,
exam2017/OBy_131_2.txt,1,,
exam2017/OBy_132_2.txt,1,,
exam2017/OBy_136_1.txt,1,,
exam2017/OBy_136_2.txt,1,,
exam2017/OBy_139_1.txt,1,,
exam2017/OBy_13_1.txt,1,,
exam2017/OBy_13_2.txt,1,,
exam2017/OBy_141_1.txt,1,,
exam2017/OBy_146_1.txt,1,,
exam2017/OBy_14_1.txt,1,,
exam2017/OBy_15_1.txt,1,,
exam2017/OBy_15_2.txt,1,,
exam2017/OBy_166_2.txt,1,,
exam2017/OBy_168_1.txt,1,,
exam2017/OBy_169_2.txt,1,,
exam2017/OBy_16_1.txt,1,,
exam2017/OBy_172_2.txt,1,,
exam2017/OBy_174_1.txt,1,,
exam2017/OBy_174_2.txt,1,,
exam2017/OBy_175_1.txt,1,,
exam2017/OBy_176_2.txt,1,,
exam2017/OBy_177_2.txt,1,,
exam2017/OBy_178_2.txt,1,,
exam2017/OBy_180_2.txt,1,,
exam2017/OBy_182_2.txt,1,,
exam2017/OBy_186_2.txt,1,,
exam2017/OBy_187_2.txt,1,,
exam2017/OBy_188_1.txt,1,,
exam2017/OBy_189_2.txt,1,,
exam2017/OBy_190_2.txt,1,,
exam2017/OBy_192_2.txt,1,,
exam2017/OBy_193_1.txt,1,,
exam2017/OBy_193_2.txt,1,,
exam2017/OBy_196_2.txt,1,,
exam2017/OBy_23_2.txt,1,,
exam2017/OBy_31_2.txt,1,,
exam2017/OBy_47_2.txt,1,,
exam2017/OBy_48_2.txt,1,,
exam2017/OBy_49_2.txt,1,,
exam2017/OBy_4_2.txt,1,,
exam2017/OBy_55_1.txt,1,,
exam2017/OBy_55_2.txt,1,,
exam2017/OBy_58_2.txt,1,,
exam2017/OBy_5_2.txt,1,,
exam2017/OBy_71_1.txt,1,,
exam2017/OBy_73_2.txt,1,,
exam2017/OBy_74_2.txt,1,,
exam2017/OBy_78_2.txt,1,,
exam2017/OBy_79_1.txt,1,,
exam2017/OBy_79_2.txt,1,,
exam2017/OBy_82_2.txt,1,,
exam2017/OBy_84_2.txt,1,,
exam2017/OBy_86_2.txt,1,,
exam2017/OBy_90_2.txt,1,,
exam2017/OBy_95_2.txt,1,,
exam2017/OBy_98_2.txt,1,,
exam2017/OBy_9_2.txt,1,,
exam2017/VSa_104_1.txt,1,,
exam2017/VSa_10_2.txt,1,,
exam2017/VSa_126_1.txt,1,,
exam2017/VSa_12_1.txt,1,,
exam2017/VSa_137_2.txt,1,,
exam2017/VSa_14_1.txt,1,,
exam2017/VSa_19_2.txt,1,,
exam2017/VSa_1_2.txt,1,,
exam2017/VSa_20_2.txt,1,,
exam2017/VSa_21_2.txt,1,,
exam2017/VSa_25_1.txt,1,,
exam2017/VSa_28_1.txt,1,,
exam2017/VSa_30_2.txt,1,,
exam2017/VSa_31_2.txt,1,,
exam2017/VSa_34_1.txt,1,,
exam2017/VSa_34_2.txt,1,,
exam2017/VSa_37_1.txt,1,,
exam2017/VSa_40_2.txt,1,,
exam2017/VSa_42_1.txt,1,,
exam2017/VSa_45_2.txt,1,,
exam2017/VSa_49_1.txt,1,,
exam2017/VSa_50_2.txt,1,,
exam2017/VSa_54_1.txt,1,,
exam2017/VSa_54_2.txt,1,,
exam2017/VSa_57_2.txt,1,,
exam2017/VSa_59_1.txt,1,,
exam2017/VSa_5_2.txt,1,,
exam2017/VSa_63_2.txt,1,,
exam2017/VSa_65_2.txt,1,,
exam2017/VSa_67_2.txt,1,,
exam2017/VSa_6_2.txt,1,,
exam2017/VSa_70_2.txt,1,,
exam2017/VSa_73_2.txt,1,,
exam2017/VSa_77_2.txt,1,,
exam2017/VSa_83_1.txt,1,,
exam2017/VSa_83_2.txt,1,,
exam2017/VSa_86_2.txt,1,,
exam2017/VSa_87_1.txt,1,,
exam2017/VSa_89_1.txt,1,,
exam2017/VSa_8_2.txt,1,,
exam2017/VSa_91_2.txt,1,,
exam2017/VSa_94_1.txt,1,,
exam2017/VSa_98_2.txt,1,,
exam2018/EEr_103_2.txt,1,,
exam2018/EEr_104_2.txt,1,,
exam2018/EEr_105_2.txt,1,,
exam2018/EEr_106_2.txt,1,,
exam2018/EEr_108_1.txt,1,,
exam2018/EEr_108_2.txt,1,,
exam2018/EEr_109_1.txt,1,,
exam2018/EEr_112_1.txt,1,,
exam2018/EEr_115_1.txt,1,,
exam2018/EEr_115_2.txt,1,,
exam2018/EEr_118_2.txt,1,,
exam2018/EEr_121_2.txt,1,,
exam2018/EEr_122_2.txt,1,,
exam2018/EEr_123_2.txt,1,,
exam2018/EEr_124_2.txt,1,,
exam2018/EEr_125_2.txt,1,,
exam2018/EEr_131_2.txt,1,,
exam2018/EEr_138_2.txt,1,,
exam2018/EEr_142_2.txt,1,,
exam2018/EEr_147_1.txt,1,,
exam2018/EEr_147_2.txt,1,,
exam2018/EEr_14_1.txt,1,,
exam2018/EEr_154_2.txt,1,,
exam2018/EEr_157_1.txt,1,,
exam2018/EEr_159_2.txt,1,,
exam2018/EEr_160_2.txt,1,,
exam2018/EEr_162_1.txt,1,,
exam2018/EEr_165_2.txt,1,,
exam2018/EEr_16_1.txt,1,,
exam2018/EEr_173_2.txt,1,,
exam2018/EEr_176_1.txt,1,,
exam2018/EEr_177_2.txt,1,,
exam2018/EEr_179_2.txt,1,,
exam2018/EEr_181_2.txt,1,,
exam2018/EEr_183_2.txt,1,,
exam2018/EEr_185_2.txt,1,,
exam2018/EEr_186_1.txt,1,,
exam2018/EEr_188_2.txt,1,,
exam2018/EEr_192_1.txt,1,,
exam2018/EEr_195_2.txt,1,,
exam2018/EEr_197_2.txt,1,,
exam2018/EEr_198_2.txt,1,,
exam2018/EEr_199_1.txt,1,,
exam2018/EEr_19_1.txt,1,,
exam2018/EEr_1_2.txt,1,,
exam2018/EEr_201_1.txt,1,,
exam2018/EEr_202_1.txt,1,,
exam2018/EEr_203_1.txt,1,,
exam2018/EEr_204_1.txt,1,,
exam2018/EEr_205_2.txt,1,,
exam2018/EEr_207_1.txt,1,,
exam2018/EEr_208_1.txt,1,,
exam2018/EEr_211_2.txt,1,,
exam2018/EEr_215_1.txt,1,,
exam2018/EEr_215_2.txt,1,,
exam2018/EEr_216_1.txt,1,,
exam2018/EEr_216_2.txt,1,,
exam2018/EEr_218_2.txt,1,,
exam2018/EEr_219_1.txt,1,,
exam2018/EEr_222_1.txt,1,,
exam2018/EEr_223_2.txt,1,,
exam2018/EEr_224_2.txt,1,,
exam2018/EEr_225_1.txt,1,,
exam2018/EEr_226_1.txt,1,,
exam2018/EEr_22_2.txt,1,,
exam2018/EEr_230_2.txt,1,,
exam2018/EEr_231_2.txt,1,,
exam2018/EEr_232_2.txt,1,,
exam2018/EEr_235_1.txt,1,,
exam2018/EEr_237_2.txt,1,,
exam2018/EEr_238_1.txt,1,,
exam2018/EEr_238_2.txt,1,,
exam2018/EEr_239_1.txt,1,,
exam2018/EEr_239_2.txt,1,,
exam2018/EEr_240_1.txt,1,,
exam2018/EEr_242_1.txt,1,,
exam2018/EEr_244_2.txt,1,,
exam2018/EEr_245_1.txt,1,,
exam2018/EEr_245_2.txt,1,,
exam2018/EEr_248_1.txt,1,,
exam2018/EEr_24_2.txt,1,,
exam2018/EEr_250_1.txt,1,,
exam2018/EEr_251_1.txt,1,,
exam2018/EEr_251_2.txt,1,,
exam2018/EEr_252_1.txt,1,,
exam2018/EEr_252_2.txt,1,,
exam2018/EEr_257_1.txt,1,,
exam2018/EEr_257_2.txt,1,,
exam2018/EEr_259_1.txt,1,,
exam2018/EEr_25_1.txt,1,,
exam2018/EEr_263_2.txt,1,,
exam2018/EEr_268_2.txt,1,,
exam2018/EEr_269_2.txt,1,,
exam2018/EEr_271_1.txt,1,,
exam2018/EEr_273_2.txt,1,,
exam2018/EEr_274_2.txt,1,,
exam2018/EEr_27_1.txt,1,,
exam2018/EEr_27_2.txt,1,,
exam2018/EEr_292_1.txt,1,,
exam2018/EEr_294_1.txt,1,,
exam2018/EEr_296_1.txt,1,,
exam2018/EEr_2_1.txt,1,,
exam2018/EEr_30_2.txt,1,,
exam2018/EEr_31_2.txt,1,,
exam2018/EEr_35_1.txt,1,,
exam2018/EEr_35_2.txt,1,,
exam2018/EEr_36_1.txt,1,,
exam2018/EEr_37_2.txt,1,,
exam2018/EEr_38_2.txt,1,,
exam2018/EEr_3_2.txt,1,,
exam2018/EEr_43_2.txt,1,,
exam2018/EEr_45_1.txt,1,,
exam2018/EEr_46_1.txt,1,,
exam2018/EEr_47_1.txt,1,,
exam2018/EEr_47_2.txt,1,,
exam2018/EEr_4_1.txt,1,,
exam2018/EEr_51_1.txt,1,,
exam2018/EEr_52_2.txt,1,,
exam2018/EEr_55_2.txt,1,,
exam2018/EEr_5_2.txt,1,,
exam2018/EEr_61_1.txt,1,,
exam2018/EEr_68_2.txt,1,,
exam2018/EEr_70_2.txt,1,,
exam2018/EEr_73_1.txt,1,,
exam2018/EEr_75_1.txt,1,,
exam2018/EEr_75_2.txt,1,,
exam2018/EEr_76_2.txt,1,,
exam2018/EEr_7_2.txt,1,,
exam2018/EEr_81_2.txt,1,,
exam2018/EEr_83_2.txt,1,,
exam2018/EEr_84_2.txt,1,,
exam2018/EEr_85_1.txt,1,,
exam2018/EEr_88_2.txt,1,,
exam2018/EEr_89_2.txt,1,,
exam2018/EEr_90_1.txt,1,,
exam2018/EEr_90_2.txt,1,,
exam2018/EEr_91_1.txt,1,,
exam2018/EEr_93_1.txt,1,,
exam2018/EEr_93_2.txt,1,,
exam2018/EEr_95_1.txt,1,,
exam2018/EEr_97_1.txt,1,,
exam2019/ABu_106_1.txt,1,,
exam2019/ABu_109_1.txt,1,,
exam2019/ABu_115_1.txt,1,,
exam2019/ABu_116_1.txt,1,,
exam2019/ABu_120_2.txt,1,,
exam2019/ABu_121_2.txt,1,,
exam2019/ABu_122_2.txt,1,,
exam2019/ABu_127_1.txt,1,,
exam2019/ABu_130_2.txt,1,,
exam2019/ABu_133_1.txt,1,,
exam2019/ABu_135_1.txt,1,,
exam2019/ABu_135_2.txt,1,,
exam2019/ABu_139_2.txt,1,,
exam2019/ABu_142_1.txt,1,,
exam2019/ABu_143_2.txt,1,,
exam2019/ABu_144_2.txt,1,,
exam2019/ABu_149_2.txt,1,,
exam2019/ABu_153_1.txt,1,,
exam2019/ABu_159_2.txt,1,,
exam2019/ABu_15_1.txt,1,,
exam2019/ABu_160_2.txt,1,,
exam2019/ABu_161_2.txt,1,,
exam2019/ABu_162_1.txt,1,,
exam2019/ABu_163_1.txt,1,,
exam2019/ABu_164_2.txt,1,,
exam2019/ABu_172_1.txt,1,,
exam2019/ABu_174_2.txt,1,,
exam2019/ABu_175_1.txt,1,,
exam2019/ABu_177_1.txt,1,,
exam2019/ABu_17_1.txt,1,,
exam2019/ABu_17_2.txt,1,,
exam2019/ABu_181_1.txt,1,,
exam2019/ABu_183_1.txt,1,,
exam2019/ABu_183_2.txt,1,,
exam2019/ABu_185_1.txt,1,,
exam2019/ABu_188_2.txt,1,,
exam2019/ABu_18_2.txt,1,,
exam2019/ABu_190_1.txt,1,,
exam2019/ABu_194_1.txt,1,,
exam2019/ABu_196_1.txt,1,,
exam2019/ABu_197_2.txt,1,,
exam2019/ABu_199_2.txt,1,,
exam2019/ABu_19_2.txt,1,,
exam2019/ABu_205_1.txt,1,,
exam2019/ABu_209_2.txt,1,,
exam2019/ABu_211_1.txt,1,,
exam2019/ABu_214_1.txt,1,,
exam2019/ABu_21_1.txt,1,,
exam2019/ABu_226_2.txt,1,,
exam2019/ABu_228_2.txt,1,,
exam2019/ABu_229_2.txt,1,,
exam2019/ABu_230_1.txt,1,,
exam2019/ABu_230_2.txt,1,,
exam2019/ABu_233_1.txt,1,,
exam2019/ABu_233_2.txt,1,,
exam2019/ABu_234_1.txt,1,,
exam2019/ABu_234_2.txt,1,,
exam2019/ABu_238_1.txt,1,,
exam2019/ABu_243_2.txt,1,,
exam2019/ABu_27_1.txt,1,,
exam2019/ABu_29_2.txt,1,,
exam2019/ABu_2_1.txt,1,,
exam2019/ABu_37_1.txt,1,,
exam2019/ABu_3_1.txt,1,,
exam2019/ABu_40_1.txt,1,,
exam2019/ABu_46_2.txt,1,,
exam2019/ABu_47_2.txt,1,,
exam2019/ABu_55_2.txt,1,,
exam2019/ABu_57_2.txt,1,,
exam2019/ABu_5_1.txt,1,,
exam2019/ABu_60_2.txt,1,,
exam2019/ABu_61_2.txt,1,,
exam2019/ABu_62_1.txt,1,,
exam2019/ABu_65_1.txt,1,,
exam2019/ABu_69_2.txt,1,,
exam2019/ABu_6_1.txt,1,,
exam2019/ABu_70_2.txt,1,,
exam2019/ABu_71_1.txt,1,,
exam2019/ABu_75_2.txt,1,,
exam2019/ABu_77_1.txt,1,,
exam2019/ABu_77_2.txt,1,,
exam2019/ABu_79_2.txt,1,,
exam2019/ABu_80_2.txt,1,,
exam2019/ABu_85_2.txt,1,,
exam2019/ABu_86_2.txt,1,,
exam2019/ABu_94_2.txt,1,,
exam2019/ABu_99_1.txt,1,,
exam2019/ABu_9_2.txt,1,,
exam2014/AAl_16_1.txt,4,,
exam2014/AAl_25_2.txt,4,,
exam2014/AAl_29_2.txt,4,,
exam2014/AAl_36_1.txt,4,,
exam2014/AAl_7_2.txt,4,,
exam2014/ADe_11_1.txt,4,,
exam2014/ADe_21_2.txt,4,,
exam2014/ADe_2_2.txt,4,,
exam2014/ADe_7_1.txt,4,,
exam2014/AMe_10_2.txt,4,,
exam2014/ASt_17_1.txt,4,,
exam2014/ASt_20_1.txt,4,,
exam2014/ASt_21_1.txt,4,,
exam2014/ASt_28_2.txt,4,,
exam2014/ASt_34_1.txt,4,,
exam2014/ASt_36_2.txt,4,,
exam2014/ASt_43_2.txt,4,,
exam2014/DAr_1_2.txt,4,,
exam2014/DAr_21_2.txt,4,,
exam2014/DAr_31_2.txt,4,,
exam2014/DAr_6_1.txt,4,,
exam2014/DZu_10_2.txt,4,,
exam2014/DZu_16_2.txt,4,,
exam2014/DZu_24_2.txt,4,,
exam2014/DZu_25_1.txt,4,,
exam2014/DZu_29_1.txt,4,,
exam2014/DZu_32_1.txt,4,,
exam2014/DZu_36_1.txt,4,,
exam2014/DZu_41_2.txt,4,,
exam2014/DZu_6_2.txt,4,,
exam2014/DZu_7_2.txt,4,,
exam2014/DZu_9_1.txt,4,,
exam2014/EEm_14_2.txt,4,,
exam2014/EEm_19_1.txt,4,,
exam2014/EEm_19_2.txt,4,,
exam2014/EEm_22_2.txt,4,,
exam2014/EEm_24_2.txt,4,,
exam2014/EEm_25_2.txt,4,,
exam2014/EEm_26_1.txt,4,,
exam2014/EEm_2_1.txt,4,,
exam2014/EEm_30_1.txt,4,,
exam2014/EEm_31_2.txt,4,,
exam2014/EEm_35_1.txt,4,,
exam2014/EEm_37_1.txt,4,,
exam2014/EPa_16_2.txt,4,,
exam2014/EPa_19_2.txt,4,,
exam2014/EPa_25_1.txt,4,,
exam2014/EPa_37_2.txt,4,,
exam2014/EPa_47_1.txt,4,,
exam2014/EPa_49_1.txt,4,,
exam2014/EPa_54_2.txt,4,,
exam2014/EPa_56_1.txt,4,,
exam2014/EPa_62_1.txt,4,,
exam2014/EPa_66_2.txt,4,,
exam2014/EPa_67_2.txt,4,,
exam2014/EPa_75_1.txt,4,,
exam2014/EPa_76_2.txt,4,,
exam2014/ESha_1_2.txt,4,,
exam2014/ESha_39_2.txt,4,,
exam2014/ESha_6_1.txt,4,,
exam2014/ESha_8_2.txt,4,,
exam2014/EZa_9_2.txt,4,,
exam2014/KKo_23_1.txt,4,,
exam2014/KKo_4_2.txt,4,,
exam2014/KKo_6_2.txt,4,,
exam2014/LPo_15_2.txt,4,,
exam2014/LPo_19_1.txt,4,,
exam2014/MBi_7_2.txt,4,,
exam2014/MGr_12_1.txt,4,,
exam2014/MGr_13_1.txt,4,,
exam2014/MGr_5_2.txt,4,,
exam2014/MTsy_11_2.txt,4,,
exam2014/MTsy_12_1.txt,4,,
exam2014/MTsy_28_2.txt,4,,
exam2014/MTsy_32_1.txt,4,,
exam2014/MTsy_32_2.txt,4,,
exam2014/MTsy_34_1.txt,4,,
exam2014/MTsy_36_2.txt,4,,
exam2014/MTsy_43_2.txt,4,,
exam2014/MTsy_7_2.txt,4,,
exam2014/TSha_16_1.txt,4,,
exam2014/TSha_2_1.txt,4,,
exam2014/TSha_2_2.txt,4,,
exam2014/TSha_4_2.txt,4,,
exam2014/TSha_7_1.txt,4,,
exam2014/TSha_9_2.txt,4,,
exam2014/VKo_12_2.txt,4,,
exam2014/VKo_15_2.txt,4,,
exam2014/VKo_17_1.txt,4,,
exam2014/VKo_25_2.txt,4,,
exam2014/VKo_32_1.txt,4,,
exam2014/VKo_4_2.txt,4,,
exam2014/VPe_12_1.txt,4,,
exam2014/VPe_19_1.txt,4,,
exam2014/VPe_20_2.txt,4,,
exam2014/VPe_21_1.txt,4,,
exam2014/VPe_23_2.txt,4,,
exam2014/VPe_27_2.txt,4,,
exam2014/VPe_31_1.txt,4,,
exam2014/VPe_33_1.txt,4,,
exam2014/VPe_35_2.txt,4,,
exam2014/VPe_39_2.txt,4,,
exam2014/VPe_50_2.txt,4,,
exam2014/ZEv_14_2.txt,4,,
exam2014/ZEv_19_2.txt,4,,
exam2014/ZEv_22_1.txt,4,,
exam2014/ZEv_24_2.txt,4,,
exam2014/ZEv_26_1.txt,4,,
exam2014/ZEv_37_1.txt,4,,
exam2015/APL_4_1.txt,4,,
exam2015/KT_11_1.txt,4,,
exam2015/KT_14_2.txt,4,,
exam2015/KT_17_1.txt,4,,
exam2015/KT_19_2.txt,4,,
exam2016/EKu_124_2.txt,4,,
exam2016/EKu_128_1.txt,4,,
exam2016/EKu_12_2.txt,4,,
exam2016/EKu_132_2.txt,4,,
exam2016/EKu_163_2.txt,4,,
exam2016/EKu_17_1.txt,4,,
exam2016/EKu_21_2.txt,4,,
exam2016/EKu_32_2.txt,4,,
exam2016/EKu_67_1.txt,4,,
exam2016/EKu_70_2.txt,4,,
exam2016/EKu_82_1.txt,4,,
exam2016/EKu_89_2.txt,4,,
exam2016/JSl_10_1.txt,4,,
exam2016/JSl_1_2.txt,4,,
exam2016/JSl_21_1.txt,4,,
exam2016/JSl_23_2.txt,4,,
exam2016/JSl_30_2.txt,4,,
exam2016/JSl_35_2.txt,4,,
exam2016/JSl_5_1.txt,4,,
exam2016/JSl_60_2.txt,4,,
exam2016/JSl_64_2.txt,4,,
exam2016/JSl_70_2.txt,4,,
exam2016/JSl_76_2.txt,4,,
exam2016/MTsy_17_2.txt,4,,
exam2016/MTsy_19_1.txt,4,,
exam2016/MTsy_19_2.txt,4,,
exam2016/MTsy_27_1.txt,4,,
exam2016/MTsy_28_2.txt,4,,
exam2016/MTsy_50_1.txt,4,,
exam2016/MTsy_53_1.txt,4,,
exam2016/MTsy_53_2.txt,4,,
exam2016/NMa_20_2.txt,4,,
exam2016/NMa_25_2.txt,4,,
exam2016/OR_121_2.txt,4,,
exam2016/OR_123_1.txt,4,,
exam2016/OR_130_1.txt,4,,
exam2016/OR_133_2.txt,4,,
exam2016/OR_135_1.txt,4,,
exam2016/OR_13_1.txt,4,,
exam2016/OR_19_1.txt,4,,
exam2016/OR_24_2.txt,4,,
exam2016/OR_28_2.txt,4,,
exam2016/OR_30_2.txt,4,,
exam2016/OR_32_1.txt,4,,
exam2016/OR_33_1.txt,4,,
exam2016/OR_37_2.txt,4,,
exam2016/OR_38_1.txt,4,,
exam2016/OR_3_2.txt,4,,
exam2016/OR_43_1.txt,4,,
exam2016/OR_48_2.txt,4,,
exam2016/OR_55_1.txt,4,,
exam2016/OR_56_2.txt,4,,
exam2016/OR_62_2.txt,4,,
exam2016/OR_66_2.txt,4,,
exam2016/OR_71_1.txt,4,,
exam2016/OR_77_2.txt,4,,
exam2016/OR_85_2.txt,4,,
exam2016/OR_91_2.txt,4,,
exam2016/OR_92_1.txt,4,,
exam2016/OR_92_2.txt,4,,
exam2016/OR_9_2.txt,4,,
exam2016/ZEv_11_2.txt,4,,
exam2016/ZEv_15_2.txt,4,,
exam2016/ZEv_16_2.txt,4,,
exam2016/ZEv_19_1.txt,4,,
exam2016/ZEv_24_1.txt,4,,
exam2016/ZEv_25_1.txt,4,,
exam2016/ZEv_2_1.txt,4,,
exam2016/ZEv_38_1.txt,4,,
exam2016/ZEv_41_2.txt,4,,
exam2016/ZEv_46_1.txt,4,,
exam2016/ZEv_47_1.txt,4,,
exam2016/ZEv_52_2.txt,4,,
exam2016/ZEv_5_2.txt,4,,
exam2017/ABl_15_2.txt,4,,
exam2017/ABl_23_2.txt,4,,
exam2017/ABl_25_1.txt,4,,
exam2017/ABl_32_1.txt,4,,
exam2017/ABl_34_1.txt,4,,
exam2017/ABl_34_2.txt,4,,
exam2017/ABl_42_2.txt,4,,
exam2017/ABl_46_2.txt,4,,
exam2017/DOv_12_1.txt,4,,
exam2017/DOv_19_1.txt,4,,
exam2017/DOv_23_2.txt,4,,
exam2017/DOv_26_2.txt,4,,
exam2017/DOv_2_1.txt,4,,
exam2017/DOv_31_2.txt,4,,
exam2017/DOv_7_2.txt,4,,
exam2017/DPe_13_2.txt,4,,
exam2017/DPe_21_2.txt,4,,
exam2017/DPe_22_2.txt,4,,
exam2017/DPe_23_2.txt,4,,
exam2017/DPe_27_2.txt,4,,
exam2017/DPe_35_2.txt,4,,
exam2017/DPe_39_2.txt,4,,
exam2017/DPe_41_2.txt,4,,
exam2017/DPe_48_1.txt,4,,
exam2017/DPe_49_1.txt,4,,
exam2017/DPe_59_2.txt,4,,
exam2017/DPe_65_1.txt,4,,
exam2017/DPe_72_1.txt,4,,
exam2017/DPe_73_1.txt,4,,
exam2017/DPe_82_2.txt,4,,
exam2017/DPe_8_1.txt,4,,
exam2017/DPe_9_1.txt,4,,
exam2017/EGe_114_2.txt,4,,
exam2017/EGe_118_2.txt,4,,
exam2017/EGe_135_2.txt,4,,
exam2017/EGe_137_2.txt,4,,
exam2017/EGe_138_1.txt,4,,
exam2017/EGe_139_2.txt,4,,
exam2017/EGe_140_1.txt,4,,
exam2017/EGe_141_2.txt,4,,
exam2017/EGe_146_1.txt,4,,
exam2017/EGe_149_1.txt,4,,
exam2017/EGe_150_1.txt,4,,
exam2017/EGe_151_1.txt,4,,
exam2017/EGe_155_2.txt,4,,
exam2017/EGe_165_2.txt,4,,
exam2017/EGe_171_2.txt,4,,
exam2017/EGe_172_2.txt,4,,
exam2017/EGe_178_1.txt,4,,
exam2017/EGe_17_2.txt,4,,
exam2017/EGe_180_2.txt,4,,
exam2017/EGe_181_1.txt,4,,
exam2017/EGe_182_1.txt,4,,
exam2017/EGe_186_2.txt,4,,
exam2017/EGe_189_2.txt,4,,
exam2017/EGe_235_2.txt,4,,
exam2017/EGe_247_1.txt,4,,
exam2017/EGe_248_1.txt,4,,
exam2017/EGe_251_2.txt,4,,
exam2017/EGe_26_1.txt,4,,
exam2017/EGe_271_1.txt,4,,
exam2017/EGe_38_2.txt,4,,
exam2017/EGe_61_2.txt,4,,
exam2017/EGe_74_2.txt,4,,
exam2017/EGe_87_2.txt,4,,
exam2017/EGe_94_2.txt,4,,
exam2017/EGe_95_1.txt,4,,
exam2017/EGe_95_2.txt,4,,
exam2017/JSl_176_2.txt,4,,
exam2017/KTR_10_2.txt,4,,
exam2017/KTR_19_1.txt,4,,
exam2017/MPa_14_1.txt,4,,
exam2017/MPa_17_1.txt,4,,
exam2017/MPa_18_1.txt,4,,
exam2017/MPa_34_1.txt,4,,
exam2017/MPa_3_1.txt,4,,
exam2017/MPa_44_1.txt,4,,
exam2017/MPa_4_1.txt,4,,
exam2017/MPa_53_1.txt,4,,
exam2017/MPa_66_1.txt,4,,
exam2017/MPa_68_1.txt,4,,
exam2017/MPa_72_1.txt,4,,
exam2017/NChe_10_2.txt,4,,
exam2017/NChe_2_2.txt,4,,
exam2017/NMya_10_1.txt,4,,
exam2017/NMya_12_2.txt,4,,
exam2017/NMya_13_2.txt,4,,
exam2017/NMya_14_1.txt,4,,
exam2017/NMya_15_1.txt,4,,
exam2017/NMya_1_1.txt,4,,
exam2017/NMya_28_2.txt,4,,
exam2017/NMya_31_2.txt,4,,
exam2017/OBy_103_2.txt,4,,
exam2017/OBy_112_2.txt,4,,
exam2017/OBy_115_2.txt,4,,
exam2017/OBy_117_2.txt,4,,
exam2017/OBy_127_1.txt,4,,
exam2017/OBy_129_1.txt,4,,
exam2017/OBy_133_2.txt,4,,
exam2017/OBy_142_2.txt,4,,
exam2017/OBy_149_1.txt,4,,
exam2017/OBy_151_2.txt,4,,
exam2017/OBy_153_1.txt,4,,
exam2017/OBy_162_2.txt,4,,
exam2017/OBy_163_2.txt,4,,
exam2017/OBy_170_1.txt,4,,
exam2017/OBy_171_2.txt,4,,
exam2017/OBy_173_2.txt,4,,
exam2017/OBy_175_2.txt,4,,
exam2017/OBy_184_2.txt,4,,
exam2017/OBy_187_1.txt,4,,
exam2017/OBy_189_1.txt,4,,
exam2017/OBy_198_1.txt,4,,
exam2017/OBy_24_2.txt,4,,
exam2017/OBy_38_1.txt,4,,
exam2017/OBy_3_2.txt,4,,
exam2017/OBy_49_1.txt,4,,
exam2017/OBy_4_1.txt,4,,
exam2017/OBy_54_2.txt,4,,
exam2017/OBy_58_1.txt,4,,
exam2017/OBy_5_1.txt,4,,
exam2017/OBy_65_1.txt,4,,
exam2017/OBy_66_1.txt,4,,
exam2017/OBy_68_1.txt,4,,
exam2017/OBy_77_2.txt,4,,
exam2017/OBy_82_1.txt,4,,
exam2017/OBy_85_1.txt,4,,
exam2017/OBy_87_1.txt,4,,
exam2017/OBy_87_2.txt,4,,
exam2017/OBy_91_1.txt,4,,
exam2017/VSa_102_1.txt,4,,
exam2017/VSa_16_1.txt,4,,
exam2017/VSa_19_1.txt,4,,
exam2017/VSa_27_1.txt,4,,
exam2017/VSa_29_1.txt,4,,
exam2017/VSa_2_1.txt,4,,
exam2017/VSa_35_2.txt,4,,
exam2017/VSa_41_2.txt,4,,
exam2017/VSa_42_2.txt,4,,
exam2017/VSa_5_1.txt,4,,
exam2017/VSa_68_2.txt,4,,
exam2017/VSa_70_1.txt,4,,
exam2017/VSa_72_2.txt,4,,
exam2017/VSa_7_1.txt,4,,
exam2017/VSa_89_2.txt,4,,
exam2017/VSa_94_2.txt,4,,
exam2017/VSa_98_1.txt,4,,
exam2017/VSa_9_2.txt,4,,
exam2018/EEr_107_2.txt,4,,
exam2018/EEr_11_1.txt,4,,
exam2018/EEr_126_1.txt,4,,
exam2018/EEr_130_2.txt,4,,
exam2018/EEr_135_2.txt,4,,
exam2018/EEr_138_1.txt,4,,
exam2018/EEr_140_1.txt,4,,
exam2018/EEr_142_1.txt,4,,
exam2018/EEr_143_1.txt,4,,
exam2018/EEr_143_2.txt,4,,
exam2018/EEr_157_2.txt,4,,
exam2018/EEr_164_2.txt,4,,
exam2018/EEr_182_2.txt,4,,
exam2018/EEr_190_2.txt,4,,
exam2018/EEr_191_1.txt,4,,
exam2018/EEr_193_1.txt,4,,
exam2018/EEr_209_1.txt,4,,
exam2018/EEr_212_2.txt,4,,
exam2018/EEr_228_2.txt,4,,
exam2018/EEr_231_1.txt,4,,
exam2018/EEr_233_2.txt,4,,
exam2018/EEr_241_2.txt,4,,
exam2018/EEr_246_1.txt,4,,
exam2018/EEr_247_2.txt,4,,
exam2018/EEr_250_2.txt,4,,
exam2018/EEr_258_2.txt,4,,
exam2018/EEr_264_1.txt,4,,
exam2018/EEr_265_2.txt,4,,
exam2018/EEr_267_2.txt,4,,
exam2018/EEr_278_2.txt,4,,
exam2018/EEr_281_1.txt,4,,
exam2018/EEr_295_1.txt,4,,
exam2018/EEr_298_2.txt,4,,
exam2018/EEr_302_2.txt,4,,
exam2018/EEr_303_1.txt,4,,
exam2018/EEr_306_2.txt,4,,
exam2018/EEr_42_2.txt,4,,
exam2018/EEr_48_1.txt,4,,
exam2018/EEr_69_1.txt,4,,
exam2018/EEr_69_2.txt,4,,
exam2018/EEr_71_1.txt,4,,
exam2018/EEr_76_1.txt,4,,
exam2018/EEr_78_2.txt,4,,
exam2018/EEr_83_1.txt,4,,
exam2018/EEr_8_1.txt,4,,
exam2018/EEr_92_2.txt,4,,
exam2018/EEr_98_2.txt,4,,
exam2019/ABu_100_1.txt,4,,
exam2019/ABu_102_1.txt,4,,
exam2019/ABu_111_1.txt,4,,
exam2019/ABu_118_1.txt,4,,
exam2019/ABu_11_1.txt,4,,
exam2019/ABu_124_1.txt,4,,
exam2019/ABu_126_2.txt,4,,
exam2019/ABu_142_2.txt,4,,
exam2019/ABu_145_1.txt,4,,
exam2019/ABu_145_2.txt,4,,
exam2019/ABu_146_1.txt,4,,
exam2019/ABu_148_2.txt,4,,
exam2019/ABu_156_1.txt,4,,
exam2019/ABu_160_1.txt,4,,
exam2019/ABu_163_2.txt,4,,
exam2019/ABu_165_2.txt,4,,
exam2019/ABu_168_2.txt,4,,
exam2019/ABu_16_2.txt,4,,
exam2019/ABu_172_2.txt,4,,
exam2019/ABu_177_2.txt,4,,
exam2019/ABu_178_1.txt,4,,
exam2019/ABu_180_1.txt,4,,
exam2019/ABu_187_1.txt,4,,
exam2019/ABu_189_2.txt,4,,
exam2019/ABu_206_2.txt,4,,
exam2019/ABu_210_1.txt,4,,
exam2019/ABu_229_1.txt,4,,
exam2019/ABu_239_2.txt,4,,
exam2019/ABu_240_2.txt,4,,
exam2019/ABu_28_1.txt,4,,
exam2019/ABu_29_1.txt,4,,
exam2019/ABu_41_2.txt,4,,
exam2019/ABu_45_1.txt,4,,
exam2019/ABu_48_2.txt,4,,
exam2019/ABu_51_1.txt,4,,
exam2019/ABu_51_2.txt,4,,
exam2019/ABu_53_1.txt,4,,
exam2019/ABu_54_2.txt,4,,
exam2019/ABu_58_1.txt,4,,
exam2019/ABu_64_1.txt,4,,
exam2019/ABu_71_2.txt,4,,
exam2019/ABu_7_1.txt,4,,
exam2019/ABu_80_1.txt,4,,
exam2019/ABu_82_1.txt,4,,
exam2019/ABu_99_2.txt,4,,
exam2019/ABu_9_1.txt,4,,
exam2014/AAl_10_2.txt,5,,
exam2014/AAl_11_1.txt,5,,
exam2014/AAl_13_1.txt,5,,
exam2014/AAl_25_1.txt,5,,
exam2014/AAl_26_2.txt,5,,
exam2014/AAl_29_1.txt,5,,
exam2014/AAl_30_1.txt,5,,
exam2014/AAl_9_1.txt,5,,
exam2014/ADe_16_1.txt,5,,
exam2014/ADe_18_2.txt,5,,
exam2014/ADe_2_1.txt,5,,
exam2014/ADe_3_1.txt,5,,
exam2014/ADe_3_2.txt,5,,
exam2014/ADe_8_1.txt,5,,
exam2014/AEr_2_2.txt,5,,
exam2014/AEr_7_1.txt,5,,
exam2014/AMe_18_2.txt,5,,
exam2014/AMe_9_1.txt,5,,
exam2014/ASt_16_2.txt,5,,
exam2014/ASt_19_2.txt,5,,
exam2014/ASt_22_2.txt,5,,
exam2014/ASt_25_2.txt,5,,
exam2014/ASt_34_2.txt,5,,
exam2014/ASt_42_1.txt,5,,
exam2014/DAr_38_1.txt,5,,
exam2014/DZu_18_1.txt,5,,
exam2014/DZu_21_2.txt,5,,
exam2014/DZu_30_2.txt,5,,
exam2014/DZu_38_1.txt,5,,
exam2014/EEm_11_2.txt,5,,
exam2014/EEm_16_1.txt,5,,
exam2014/EEm_17_1.txt,5,,
exam2014/EEm_17_2.txt,5,,
exam2014/EEm_1_2.txt,5,,
exam2014/EEm_22_1.txt,5,,
exam2014/EEm_31_1.txt,5,,
exam2014/EEm_8_1.txt,5,,
exam2014/EPa_12_1.txt,5,,
exam2014/EPa_15_2.txt,5,,
exam2014/EPa_27_2.txt,5,,
exam2014/EPa_2_1.txt,5,,
exam2014/EPa_2_2.txt,5,,
exam2014/EPa_4_1.txt,5,,
exam2014/EPa_68_1.txt,5,,
exam2014/EPa_72_1.txt,5,,
exam2014/EPa_73_1.txt,5,,
exam2014/EPa_78_2.txt,5,,
exam2014/EPa_84_2.txt,5,,
exam2014/ESha_13_1.txt,5,,
exam2014/ESha_17_2.txt,5,,
exam2014/ESha_22_2.txt,5,,
exam2014/ESha_2_2.txt,5,,
exam2014/ESha_34_2.txt,5,,
exam2014/ESha_36_1.txt,5,,
exam2014/ESha_48_2.txt,5,,
exam2014/ESha_51_2.txt,5,,
exam2014/EZa_40_2.txt,5,,
exam2014/EZa_94_1.txt,5,,
exam2014/KKo_10_1.txt,5,,
exam2014/KKo_10_2.txt,5,,
exam2014/KKo_11_2.txt,5,,
exam2014/KKo_19_1.txt,5,,
exam2014/KKo_20_1.txt,5,,
exam2014/KKo_21_2.txt,5,,
exam2014/KKo_24_2.txt,5,,
exam2014/KKo_3_2.txt,5,,
exam2014/LPo_15_1.txt,5,,
exam2014/LPo_16_1.txt,5,,
exam2014/LPo_16_2.txt,5,,
exam2014/LPo_8_1.txt,5,,
exam2014/MGr_10_2.txt,5,,
exam2014/MGr_12_2.txt,5,,
exam2014/MGr_20_2.txt,5,,
exam2014/MGr_21_2.txt,5,,
exam2014/MGr_9_1.txt,5,,
exam2014/MTsy_33_1.txt,5,,
exam2014/MTsy_36_1.txt,5,,
exam2014/MTsy_8_2.txt,5,,
exam2014/TSha_15_1.txt,5,,
exam2014/TSha_17_1.txt,5,,
exam2014/TSha_7_2.txt,5,,
exam2014/VKo_22_1.txt,5,,
exam2014/VKo_23_1.txt,5,,
exam2014/VKo_2_2.txt,5,,
exam2014/VKo_38_2.txt,5,,
exam2014/VKo_9_2.txt,5,,
exam2014/VPe_11_1.txt,5,,
exam2014/VPe_12_2.txt,5,,
exam2014/VPe_15_1.txt,5,,
exam2014/VPe_30_2.txt,5,,
exam2014/VPe_44_1.txt,5,,
exam2014/VPe_52_2.txt,5,,
exam2014/VPe_53_2.txt,5,,
exam2014/ZEv_10_2.txt,5,,
exam2014/ZEv_21_2.txt,5,,
exam2014/ZEv_22_2.txt,5,,
exam2014/ZEv_23_1.txt,5,,
exam2014/ZEv_23_2.txt,5,,
exam2014/ZEv_25_1.txt,5,,
exam2014/ZEv_2_1.txt,5,,
exam2014/ZEv_32_1.txt,5,,
exam2014/ZEv_34_1.txt,5,,
exam2014/ZEv_34_2.txt,5,,
exam2014/ZEv_3_1.txt,5,,
exam2014/ZEv_8_1.txt,5,,
exam2014/ZEv_8_2.txt,5,,
exam2016/EKu_10_2.txt,5,,
exam2016/EKu_110_2.txt,5,,
exam2016/EKu_122_1.txt,5,,
exam2016/EKu_130_2.txt,5,,
exam2016/EKu_131_1.txt,5,,
exam2016/EKu_159_1.txt,5,,
exam2016/EKu_21_1.txt,5,,
exam2016/EKu_55_2.txt,5,,
exam2016/EKu_60_1.txt,5,,
exam2016/EKu_62_2.txt,5,,
exam2016/JSl_14_2.txt,5,,
exam2016/JSl_167_2.txt,5,,
exam2016/JSl_24_2.txt,5,,
exam2016/JSl_5_2.txt,5,,
exam2016/JSl_75_2.txt,5,,
exam2016/JSl_79_2.txt,5,,
exam2016/MTsy_12_2.txt,5,,
exam2016/MTsy_1_2.txt,5,,
exam2016/MTsy_23_2.txt,5,,
exam2016/MTsy_42_1.txt,5,,
exam2016/MTsy_45_1.txt,5,,
exam2016/MTsy_7_1.txt,5,,
exam2016/NMa_21_2.txt,5,,
exam2016/OR_105_1.txt,5,,
exam2016/OR_109_2.txt,5,,
exam2016/OR_10_2.txt,5,,
exam2016/OR_120_2.txt,5,,
exam2016/OR_127_1.txt,5,,
exam2016/OR_12_2.txt,5,,
exam2016/OR_28_1.txt,5,,
exam2016/OR_30_1.txt,5,,
exam2016/OR_35_2.txt,5,,
exam2016/OR_36_1.txt,5,,
exam2016/OR_37_1.txt,5,,
exam2016/OR_39_1.txt,5,,
exam2016/OR_40_1.txt,5,,
exam2016/OR_45_2.txt,5,,
exam2016/OR_46_1.txt,5,,
exam2016/OR_48_1.txt,5,,
exam2016/OR_50_1.txt,5,,
exam2016/OR_56_1.txt,5,,
exam2016/OR_60_1.txt,5,,
exam2016/OR_63_1.txt,5,,
exam2016/OR_7_2.txt,5,,
exam2016/OR_80_2.txt,5,,
exam2016/ZEv_10_1.txt,5,,
exam2016/ZEv_14_2.txt,5,,
exam2016/ZEv_17_1.txt,5,,
exam2016/ZEv_1_2.txt,5,,
exam2016/ZEv_21_2.txt,5,,
exam2016/ZEv_26_2.txt,5,,
exam2016/ZEv_28_1.txt,5,,
exam2016/ZEv_28_2.txt,5,,
exam2016/ZEv_2_2.txt,5,,
exam2016/ZEv_36_2.txt,5,,
exam2016/ZEv_3_1.txt,5,,
exam2016/ZEv_3_2.txt,5,,
exam2016/ZEv_4_1.txt,5,,
exam2016/ZEv_6_2.txt,5,,
exam2016/ZEv_8_1.txt,5,,
exam2017/ABl_13_2.txt,5,,
exam2017/ABl_17_1.txt,5,,
exam2017/ABl_24_1.txt,5,,
exam2017/ABl_29_2.txt,5,,
exam2017/ABl_35_2.txt,5,,
exam2017/ABl_39_2.txt,5,,
exam2017/ABl_40_2.txt,5,,
exam2017/DOv_11_2.txt,5,,
exam2017/DOv_17_1.txt,5,,
exam2017/DOv_20_1.txt,5,,
exam2017/DOv_24_1.txt,5,,
exam2017/DOv_2_2.txt,5,,
exam2017/DOv_4_2.txt,5,,
exam2017/DOv_5_1.txt,5,,
exam2017/DOv_8_2.txt,5,,
exam2017/DOv_9_2.txt,5,,
exam2017/DPe_15_2.txt,5,,
exam2017/DPe_19_1.txt,5,,
exam2017/DPe_20_1.txt,5,,
exam2017/DPe_22_1.txt,5,,
exam2017/DPe_26_1.txt,5,,
exam2017/DPe_28_2.txt,5,,
exam2017/DPe_2_1.txt,5,,
exam2017/DPe_42_1.txt,5,,
exam2017/DPe_43_1.txt,5,,
exam2017/DPe_48_2.txt,5,,
exam2017/DPe_69_1.txt,5,,
exam2017/DPe_79_2.txt,5,,
exam2017/DPe_84_2.txt,5,,
exam2017/DPe_86_1.txt,5,,
exam2017/EGe_106_1.txt,5,,
exam2017/EGe_110_2.txt,5,,
exam2017/EGe_117_1.txt,5,,
exam2017/EGe_125_2.txt,5,,
exam2017/EGe_127_2.txt,5,,
exam2017/EGe_133_2.txt,5,,
exam2017/EGe_134_2.txt,5,,
exam2017/EGe_143_2.txt,5,,
exam2017/EGe_147_2.txt,5,,
exam2017/EGe_149_2.txt,5,,
exam2017/EGe_15_2.txt,5,,
exam2017/EGe_161_2.txt,5,,
exam2017/EGe_166_2.txt,5,,
exam2017/EGe_167_2.txt,5,,
exam2017/EGe_169_2.txt,5,,
exam2017/EGe_173_2.txt,5,,
exam2017/EGe_221_1.txt,5,,
exam2017/EGe_260_2.txt,5,,
exam2017/EGe_261_2.txt,5,,
exam2017/EGe_267_1.txt,5,,
exam2017/EGe_96_1.txt,5,,
exam2017/EGe_96_2.txt,5,,
exam2017/KTR_14_1.txt,5,,
exam2017/KTR_18_2.txt,5,,
exam2017/MPa_16_1.txt,5,,
exam2017/MPa_45_1.txt,5,,
exam2017/MPa_5_1.txt,5,,
exam2017/MPa_62_1.txt,5,,
exam2017/MPa_69_1.txt,5,,
exam2017/NMya_12_1.txt,5,,
exam2017/NMya_16_2.txt,5,,
exam2017/NMya_22_1.txt,5,,
exam2017/NMya_24_2.txt,5,,
exam2017/NMya_26_1.txt,5,,
exam2017/OBy_107_1.txt,5,,
exam2017/OBy_108_1.txt,5,,
exam2017/OBy_111_1.txt,5,,
exam2017/OBy_115_1.txt,5,,
exam2017/OBy_121_1.txt,5,,
exam2017/OBy_121_2.txt,5,,
exam2017/OBy_122_1.txt,5,,
exam2017/OBy_133_1.txt,5,,
exam2017/OBy_140_1.txt,5,,
exam2017/OBy_143_2.txt,5,,
exam2017/OBy_156_2.txt,5,,
exam2017/OBy_165_1.txt,5,,
exam2017/OBy_169_1.txt,5,,
exam2017/OBy_199_2.txt,5,,
exam2017/OBy_200_1.txt,5,,
exam2017/OBy_28_2.txt,5,,
exam2017/OBy_37_2.txt,5,,
exam2017/OBy_40_2.txt,5,,
exam2017/OBy_44_1.txt,5,,
exam2017/OBy_46_2.txt,5,,
exam2017/OBy_56_1.txt,5,,
exam2017/OBy_61_1.txt,5,,
exam2017/OBy_62_1.txt,5,,
exam2017/OBy_64_1.txt,5,,
exam2017/OBy_71_2.txt,5,,
exam2017/OBy_73_1.txt,5,,
exam2017/OBy_7_2.txt,5,,
exam2017/OBy_80_2.txt,5,,
exam2017/OBy_81_2.txt,5,,
exam2017/OBy_83_2.txt,5,,
exam2017/OBy_88_2.txt,5,,
exam2017/OBy_92_2.txt,5,,
exam2017/OBy_98_1.txt,5,,
exam2017/VSa_44_1.txt,5,,
exam2017/VSa_51_1.txt,5,,
exam2017/VSa_57_1.txt,5,,
exam2017/VSa_75_2.txt,5,,
exam2017/VSa_81_2.txt,5,,
exam2017/VSa_99_2.txt,5,,
exam2018/EEr_100_1.txt,5,,
exam2018/EEr_118_1.txt,5,,
exam2018/EEr_139_2.txt,5,,
exam2018/EEr_149_2.txt,5,,
exam2018/EEr_152_2.txt,5,,
exam2018/EEr_176_2.txt,5,,
exam2018/EEr_179_1.txt,5,,
exam2018/EEr_18_2.txt,5,,
exam2018/EEr_219_2.txt,5,,
exam2018/EEr_229_2.txt,5,,
exam2018/EEr_22_1.txt,5,,
exam2018/EEr_266_1.txt,5,,
exam2018/EEr_266_2.txt,5,,
exam2018/EEr_268_1.txt,5,,
exam2018/EEr_270_1.txt,5,,
exam2018/EEr_283_1.txt,5,,
exam2018/EEr_286_1.txt,5,,
exam2018/EEr_286_2.txt,5,,
exam2018/EEr_288_1.txt,5,,
exam2018/EEr_289_2.txt,5,,
exam2018/EEr_298_1.txt,5,,
exam2018/EEr_299_2.txt,5,,
exam2018/EEr_308_2.txt,5,,
exam2018/EEr_33_1.txt,5,,
exam2018/EEr_44_2.txt,5,,
exam2018/EEr_53_1.txt,5,,
exam2018/EEr_55_1.txt,5,,
exam2018/EEr_60_2.txt,5,,
exam2018/EEr_6_1.txt,5,,
exam2018/EEr_80_1.txt,5,,
exam2018/EEr_86_2.txt,5,,
exam2018/EEr_87_1.txt,5,,
exam2019/ABu_146_2.txt,5,,
exam2019/ABu_147_1.txt,5,,
exam2019/ABu_158_2.txt,5,,
exam2019/ABu_171_2.txt,5,,
exam2019/ABu_173_2.txt,5,,
exam2019/ABu_176_2.txt,5,,
exam2019/ABu_188_1.txt,5,,
exam2019/ABu_195_1.txt,5,,
exam2019/ABu_200_2.txt,5,,
exam2019/ABu_20_2.txt,5,,
exam2019/ABu_219_2.txt,5,,
exam2019/ABu_227_1.txt,5,,
exam2019/ABu_232_2.txt,5,,
exam2019/ABu_244_1.txt,5,,
exam2019/ABu_24_1.txt,5,,
exam2019/ABu_32_2.txt,5,,
exam2019/ABu_38_1.txt,5,,
exam2019/ABu_48_1.txt,5,,
exam2019/ABu_59_2.txt,5,,
exam2019/ABu_64_2.txt,5,,
exam2019/ABu_87_1.txt,5,,
exam2019/ABu_90_2.txt,5,,
exam2019/ABu_91_1.txt,5,,
exam2019/ABu_94_1.txt,5,,
exam2019/ABu_96_2.txt,5,,
exam2019/ABu_97_1.txt,5,,
exam2014/AAl_16_2.txt,6,,
exam2014/AAl_22_1.txt,6,,
exam2014/AAl_37_2.txt,6,,
exam2014/AAl_3_2.txt,6,,
exam2014/AAl_4_1.txt,6,,
exam2014/ADe_12_1.txt,6,,
exam2014/AMe_10_1.txt,6,,
exam2014/AMe_19_2.txt,6,,
exam2014/AMe_9_2.txt,6,,
exam2014/ASt_15_1.txt,6,,
exam2014/ASt_16_1.txt,6,,
exam2014/ASt_31_1.txt,6,,
exam2014/ASt_35_2.txt,6,,
exam2014/ASt_41_2.txt,6,,
exam2014/ASt_8_2.txt,6,,
exam2014/DAr_11_1.txt,6,,
exam2014/DZu_29_2.txt,6,,
exam2014/DZu_40_2.txt,6,,
exam2014/DZu_7_1.txt,6,,
exam2014/EEm_10_2.txt,6,,
exam2014/EEm_20_1.txt,6,,
exam2014/EEm_20_2.txt,6,,
exam2014/EEm_33_2.txt,6,,
exam2014/EEm_39_2.txt,6,,
exam2014/EEm_8_2.txt,6,,
exam2014/EPa_10_2.txt,6,,
exam2014/EPa_11_1.txt,6,,
exam2014/EPa_17_1.txt,6,,
exam2014/EPa_1_1.txt,6,,
exam2014/EPa_23_1.txt,6,,
exam2014/EPa_28_2.txt,6,,
exam2014/EPa_36_2.txt,6,,
exam2014/EPa_46_2.txt,6,,
exam2014/EPa_55_2.txt,6,,
exam2014/EPa_70_1.txt,6,,
exam2014/EPa_9_1.txt,6,,
exam2014/ESha_29_2.txt,6,,
exam2014/ESha_38_2.txt,6,,
exam2014/ESha_41_2.txt,6,,
exam2014/ESha_42_1.txt,6,,
exam2014/ESha_43_1.txt,6,,
exam2014/ESha_45_2.txt,6,,
exam2014/EZa_3_2.txt,6,,
exam2014/EZa_92_1.txt,6,,
exam2014/KKo_15_2.txt,6,,
exam2014/KKo_16_1.txt,6,,
exam2014/KKo_3_1.txt,6,,
exam2014/KKo_7_2.txt,6,,
exam2014/KKo_8_1.txt,6,,
exam2014/LPo_12_1.txt,6,,
exam2014/MBi_2_1.txt,6,,
exam2014/MGr_11_1.txt,6,,
exam2014/MGr_14_2.txt,6,,
exam2014/MGr_23_1.txt,6,,
exam2014/MGr_6_1.txt,6,,
exam2014/MTsy_21_1.txt,6,,
exam2014/MTsy_40_1.txt,6,,
exam2014/TSha_20_1.txt,6,,
exam2014/TSha_4_1.txt,6,,
exam2014/VPe_20_1.txt,6,,
exam2014/VPe_26_1.txt,6,,
exam2014/VPe_41_2.txt,6,,
exam2014/VPe_47_2.txt,6,,
exam2014/VPe_48_2.txt,6,,
exam2014/ZEv_15_1.txt,6,,
exam2014/ZEv_15_2.txt,6,,
exam2014/ZEv_17_2.txt,6,,
exam2014/ZEv_4_1.txt,6,,
exam2014/ZEv_7_2.txt,6,,
exam2016/EKu_24_2.txt,6,,
exam2016/EKu_67_2.txt,6,,
exam2016/EKu_77_1.txt,6,,
exam2016/EKu_77_2.txt,6,,
exam2016/EKu_84_1.txt,6,,
exam2016/EKu_93_1.txt,6,,
exam2016/JSl_101_2.txt,6,,
exam2016/JSl_36_2.txt,6,,
exam2016/JSl_84_2.txt,6,,
exam2016/MTsy_13_1.txt,6,,
exam2016/MTsy_13_2.txt,6,,
exam2016/MTsy_14_1.txt,6,,
exam2016/MTsy_24_2.txt,6,,
exam2016/MTsy_29_1.txt,6,,
exam2016/MTsy_2_2.txt,6,,
exam2016/MTsy_31_2.txt,6,,
exam2016/MTsy_41_1.txt,6,,
exam2016/MTsy_51_1.txt,6,,
exam2016/MTsy_51_2.txt,6,,
exam2016/NMa_24_1.txt,6,,
exam2016/NMa_26_2.txt,6,,
exam2016/OR_131_1.txt,6,,
exam2016/OR_21_1.txt,6,,
exam2016/OR_22_1.txt,6,,
exam2016/OR_24_1.txt,6,,
exam2016/OR_25_1.txt,6,,
exam2016/OR_34_1.txt,6,,
exam2016/OR_34_2.txt,6,,
exam2016/OR_35_1.txt,6,,
exam2016/OR_38_2.txt,6,,
exam2016/OR_41_2.txt,6,,
exam2016/OR_44_2.txt,6,,
exam2016/OR_45_1.txt,6,,
exam2016/OR_54_2.txt,6,,
exam2016/OR_57_1.txt,6,,
exam2016/OR_83_1.txt,6,,
exam2016/OR_90_1.txt,6,,
exam2016/ZEv_1_1.txt,6,,
exam2016/ZEv_22_1.txt,6,,
exam2016/ZEv_42_1.txt,6,,
exam2016/ZEv_43_2.txt,6,,
exam2016/ZEv_47_2.txt,6,,
exam2016/ZEv_48_1.txt,6,,
exam2016/ZEv_48_2.txt,6,,
exam2016/ZEv_4_2.txt,6,,
exam2016/ZEv_50_2.txt,6,,
exam2016/ZEv_51_2.txt,6,,
exam2016/ZEv_54_1.txt,6,,
exam2017/ABl_22_1.txt,6,,
exam2017/ABl_22_2.txt,6,,
exam2017/ABl_29_1.txt,6,,
exam2017/ABl_2_1.txt,6,,
exam2017/ABl_2_2.txt,6,,
exam2017/ABl_30_1.txt,6,,
exam2017/ABl_36_2.txt,6,,
exam2017/ABl_6_2.txt,6,,
exam2017/ABl_8_2.txt,6,,
exam2017/DOv_18_2.txt,6,,
exam2017/DOv_27_1.txt,6,,
exam2017/DOv_30_1.txt,6,,
exam2017/DOv_31_1.txt,6,,
exam2017/DOv_3_2.txt,6,,
exam2017/DPe_29_2.txt,6,,
exam2017/DPe_33_1.txt,6,,
exam2017/DPe_58_2.txt,6,,
exam2017/DPe_77_2.txt,6,,
exam2017/DPe_83_1.txt,6,,
exam2017/EGe_114_1.txt,6,,
exam2017/EGe_136_2.txt,6,,
exam2017/EGe_143_1.txt,6,,
exam2017/EGe_144_1.txt,6,,
exam2017/EGe_160_1.txt,6,,
exam2017/EGe_161_1.txt,6,,
exam2017/EGe_174_1.txt,6,,
exam2017/EGe_175_1.txt,6,,
exam2017/EGe_176_1.txt,6,,
exam2017/EGe_192_1.txt,6,,
exam2017/EGe_265_1.txt,6,,
exam2017/EGe_65_1.txt,6,,
exam2017/KTR_20_2.txt,6,,
exam2017/KTR_21_2.txt,6,,
exam2017/KTR_8_1.txt,6,,
exam2017/MPa_15_1.txt,6,,
exam2017/MPa_19_1.txt,6,,
exam2017/MPa_57_1.txt,6,,
exam2017/MPa_59_1.txt,6,,
exam2017/MPa_71_1.txt,6,,
exam2017/NMya_5_2.txt,6,,
exam2017/OBy_103_1.txt,6,,
exam2017/OBy_104_2.txt,6,,
exam2017/OBy_106_2.txt,6,,
exam2017/OBy_110_2.txt,6,,
exam2017/OBy_113_1.txt,6,,
exam2017/OBy_120_1.txt,6,,
exam2017/OBy_148_2.txt,6,,
exam2017/OBy_167_2.txt,6,,
exam2017/OBy_181_2.txt,6,,
exam2017/OBy_183_2.txt,6,,
exam2017/OBy_18_2.txt,6,,
exam2017/OBy_190_1.txt,6,,
exam2017/OBy_19_1.txt,6,,
exam2017/OBy_19_2.txt,6,,
exam2017/OBy_30_1.txt,6,,
exam2017/OBy_30_2.txt,6,,
exam2017/OBy_31_1.txt,6,,
exam2017/OBy_36_2.txt,6,,
exam2017/OBy_39_2.txt,6,,
exam2017/OBy_41_2.txt,6,,
exam2017/OBy_53_2.txt,6,,
exam2017/OBy_59_1.txt,6,,
exam2017/OBy_61_2.txt,6,,
exam2017/OBy_69_1.txt,6,,
exam2017/OBy_6_1.txt,6,,
exam2017/OBy_78_1.txt,6,,
exam2017/OBy_89_1_1.txt,6,,
exam2017/OBy_93_1.txt,6,,
exam2017/OBy_97_1.txt,6,,
exam2017/OBy_97_2.txt,6,,
exam2017/OBy_99_1.txt,6,,
exam2017/VSa_13_2.txt,6,,
exam2017/VSa_18_1.txt,6,,
exam2017/VSa_58_2.txt,6,,
exam2017/VSa_63_1.txt,6,,
exam2017/VSa_66_1.txt,6,,
exam2018/EEr_102_2.txt,6,,
exam2018/EEr_114_2.txt,6,,
exam2018/EEr_119_2.txt,6,,
exam2018/EEr_133_2.txt,6,,
exam2018/EEr_144_1.txt,6,,
exam2018/EEr_154_1.txt,6,,
exam2018/EEr_170_1.txt,6,,
exam2018/EEr_17_2.txt,6,,
exam2018/EEr_196_2.txt,6,,
exam2018/EEr_210_2.txt,6,,
exam2018/EEr_249_1.txt,6,,
exam2018/EEr_271_2.txt,6,,
exam2018/EEr_277_1.txt,6,,
exam2018/EEr_28_2.txt,6,,
exam2018/EEr_300_1.txt,6,,
exam2018/EEr_60_1.txt,6,,
exam2018/EEr_74_2.txt,6,,
exam2018/EEr_77_1.txt,6,,
exam2018/EEr_82_2.txt,6,,
exam2019/ABu_101_1.txt,6,,
exam2019/ABu_105_2.txt,6,,
exam2019/ABu_117_2.txt,6,,
exam2019/ABu_124_2.txt,6,,
exam2019/ABu_13_2.txt,6,,
exam2019/ABu_151_2.txt,6,,
exam2019/ABu_15_2.txt,6,,
exam2019/ABu_167_1.txt,6,,
exam2019/ABu_167_2.txt,6,,
exam2019/ABu_171_1.txt,6,,
exam2019/ABu_174_1.txt,6,,
exam2019/ABu_182_1.txt,6,,
exam2019/ABu_190_2.txt,6,,
exam2019/ABu_192_1.txt,6,,
exam2019/ABu_192_2.txt,6,,
exam2019/ABu_193_2.txt,6,,
exam2019/ABu_201_1.txt,6,,
exam2019/ABu_206_1.txt,6,,
exam2019/ABu_211_2.txt,6,,
exam2019/ABu_222_1.txt,6,,
exam2019/ABu_23_2.txt,6,,
exam2019/ABu_242_1.txt,6,,
exam2019/ABu_2_2.txt,6,,
exam2019/ABu_42_1.txt,6,,
exam2019/ABu_43_2.txt,6,,
exam2019/ABu_44_1.txt,6,,
exam2019/ABu_50_2.txt,6,,
exam2019/ABu_86_1.txt,6,,
exam2019/ABu_88_2.txt,6,,
exam2019/ABu_93_2.txt,6,,
exam2019/ABu_95_1.txt,6,,
exam2014/AAl_11_2.txt,7,,
exam2014/AAl_12_1.txt,7,,
exam2014/AAl_12_2.txt,7,,
exam2014/AAl_18_2.txt,7,,
exam2014/AAl_31_2.txt,7,,
exam2014/AAl_32_1.txt,7,,
exam2014/ADe_15_1.txt,7,,
exam2014/ADe_17_2.txt,7,,
exam2014/ADe_8_2.txt,7,,
exam2014/AMe_15_2.txt,7,,
exam2014/AMe_18_1.txt,7,,
exam2014/AMe_1_1.txt,7,,
exam2014/AMe_20_1.txt,7,,
exam2014/AMe_6_2.txt,7,,
exam2014/AMe_7_2.txt,7,,
exam2014/ASt_10_1.txt,7,,
exam2014/ASt_17_2.txt,7,,
exam2014/ASt_2_1.txt,7,,
exam2014/ASt_42_2.txt,7,,
exam2014/DZu_19_2.txt,7,,
exam2014/DZu_30_1.txt,7,,
exam2014/DZu_38_2.txt,7,,
exam2014/DZu_39_1.txt,7,,
exam2014/EEm_1_1.txt,7,,
exam2014/EEm_21_1.txt,7,,
exam2014/EEm_25_1.txt,7,,
exam2014/EEm_36_1.txt,7,,
exam2014/EEm_38_2.txt,7,,
exam2014/EEm_9_2.txt,7,,
exam2014/EPa_11_2.txt,7,,
exam2014/EPa_13_1.txt,7,,
exam2014/EPa_15_1.txt,7,,
exam2014/EPa_24_1.txt,7,,
exam2014/EPa_25_2.txt,7,,
exam2014/EPa_26_1.txt,7,,
exam2014/EPa_31_1.txt,7,,
exam2014/EPa_32_2.txt,7,,
exam2014/EPa_41_1.txt,7,,
exam2014/EPa_43_1.txt,7,,
exam2014/EPa_55_1.txt,7,,
exam2014/EPa_71_1.txt,7,,
exam2014/EPa_74_1.txt,7,,
exam2014/EZa_56_2.txt,7,,
exam2014/EZa_89_1.txt,7,,
exam2014/KKo_11_1.txt,7,,
exam2014/KKo_13_1.txt,7,,
exam2014/KKo_23_2.txt,7,,
exam2014/KKo_9_2.txt,7,,
exam2014/LPo_10_2.txt,7,,
exam2014/LPo_14_1.txt,7,,
exam2014/LPo_5_1.txt,7,,
exam2014/MBi_20_2.txt,7,,
exam2014/MGr_10_1.txt,7,,
exam2014/MGr_13_2.txt,7,,
exam2014/MGr_2_1.txt,7,,
exam2014/MGr_3_1.txt,7,,
exam2014/MGr_7_1.txt,7,,
exam2014/MGr_8_1.txt,7,,
exam2014/MTsy_10_1.txt,7,,
exam2014/MTsy_28_1.txt,7,,
exam2014/MTsy_30_1.txt,7,,
exam2014/MTsy_31_1.txt,7,,
exam2014/MTsy_9_1.txt,7,,
exam2014/TSha_1_2.txt,7,,
exam2014/TSha_8_2.txt,7,,
exam2014/TSha_9_1.txt,7,,
exam2014/VKo_1_1.txt,7,,
exam2014/VKo_20_2.txt,7,,
exam2014/VPe_16_1.txt,7,,
exam2014/VPe_30_1.txt,7,,
exam2014/VPe_35_1.txt,7,,
exam2014/VPe_40_2.txt,7,,
exam2014/VPe_41_1.txt,7,,
exam2014/VPe_42_1.txt,7,,
exam2014/VPe_42_2.txt,7,,
exam2014/VPe_43_2.txt,7,,
exam2014/VPe_45_2.txt,7,,
exam2014/VPe_46_1.txt,7,,
exam2014/ZEv_11_1.txt,7,,
exam2014/ZEv_1_1.txt,7,,
exam2014/ZEv_27_1.txt,7,,
exam2014/ZEv_28_1.txt,7,,
exam2014/ZEv_30_1.txt,7,,
exam2014/ZEv_35_1.txt,7,,
exam2014/ZEv_6_1.txt,7,,
exam2015/KT_11_2.txt,7,,
exam2015/KT_12_2.txt,7,,
exam2015/KT_2_2.txt,7,,
exam2015/KT_3_2.txt,7,,
exam2015/KT_8_2.txt,7,,
exam2016/EKu_143_2.txt,7,,
exam2016/EKu_170_1.txt,7,,
exam2016/EKu_23_2.txt,7,,
exam2016/EKu_47_1.txt,7,,
exam2016/EKu_55_1.txt,7,,
exam2016/EKu_5_1.txt,7,,
exam2016/EKu_61_2.txt,7,,
exam2016/EKu_62_1.txt,7,,
exam2016/EKu_78_2.txt,7,,
exam2016/JSl_40_2.txt,7,,
exam2016/MTsy_16_2.txt,7,,
exam2016/MTsy_18_1.txt,7,,
exam2016/MTsy_1_1.txt,7,,
exam2016/MTsy_37_1.txt,7,,
exam2016/OR_14_1.txt,7,,
exam2016/OR_2_2.txt,7,,
exam2016/OR_4_1.txt,7,,
exam2016/OR_55_2.txt,7,,
exam2016/OR_79_2.txt,7,,
exam2016/ZEv_14_1.txt,7,,
exam2016/ZEv_17_2.txt,7,,
exam2016/ZEv_23_1.txt,7,,
exam2016/ZEv_24_2.txt,7,,
exam2016/ZEv_30_1.txt,7,,
exam2016/ZEv_50_1.txt,7,,
exam2016/ZEv_7_2.txt,7,,
exam2016/ZEv_8_2.txt,7,,
exam2017/ABl_12_2.txt,7,,
exam2017/ABL_1_2.txt,7,,
exam2017/ABl_27_2.txt,7,,
exam2017/ABl_28_2.txt,7,,
exam2017/ABl_30_2.txt,7,,
exam2017/ABl_43_2.txt,7,,
exam2017/ABl_45_2.txt,7,,
exam2017/ABl_4_1.txt,7,,
exam2017/ABl_50_1.txt,7,,
exam2017/AGo_1_2.txt,7,,
exam2017/AKo_1_1.txt,7,,
exam2017/DOv_10_2.txt,7,,
exam2017/DPe_10_1.txt,7,,
exam2017/DPe_4_2.txt,7,,
exam2017/DPe_5_1.txt,7,,
exam2017/DPe_63_1.txt,7,,
exam2017/DPe_85_1.txt,7,,
exam2017/EGe_100_2.txt,7,,
exam2017/EGe_108_2.txt,7,,
exam2017/EGe_10_1.txt,7,,
exam2017/EGe_124_2.txt,7,,
exam2017/EGe_157_1.txt,7,,
exam2017/EGe_158_1.txt,7,,
exam2017/EGe_166_1.txt,7,,
exam2017/EGe_181_2.txt,7,,
exam2017/EGe_194_1.txt,7,,
exam2017/EGe_199_2.txt,7,,
exam2017/EGe_201_2.txt,7,,
exam2017/EGe_204_1.txt,7,,
exam2017/EGe_268_2.txt,7,,
exam2017/EGe_272_2.txt,7,,
exam2017/EGe_98_2.txt,7,,
exam2017/KTR_12_2.txt,7,,
exam2017/KTR_22_2.txt,7,,
exam2017/KTR_9_1.txt,7,,
exam2017/MPa_1_1.txt,7,,
exam2017/MPa_23_1.txt,7,,
exam2017/MPa_33_1.txt,7,,
exam2017/MPa_47_1.txt,7,,
exam2017/MPa_60_1.txt,7,,
exam2017/NChe_1_2.txt,7,,
exam2017/NMya_101_1.txt,7,,
exam2017/OBy_109_2.txt,7,,
exam2017/OBy_125_1.txt,7,,
exam2017/OBy_128_2.txt,7,,
exam2017/OBy_135_2.txt,7,,
exam2017/OBy_146_2.txt,7,,
exam2017/OBy_14_2.txt,7,,
exam2017/OBy_21_2.txt,7,,
exam2017/OBy_27_2.txt,7,,
exam2017/OBy_37_1.txt,7,,
exam2017/OBy_40_1.txt,7,,
exam2017/OBy_41_1.txt,7,,
exam2017/OBy_47_1.txt,7,,
exam2017/OBy_60_2.txt,7,,
exam2017/OBy_68_2.txt,7,,
exam2017/OBy_70_1.txt,7,,
exam2017/OBy_77_1.txt,7,,
exam2017/OBy_93_2.txt,7,,
exam2017/OBy_96_1.txt,7,,
exam2017/VSa_50_1.txt,7,,
exam2017/VSa_78_1.txt,7,,
exam2018/EEr_109_2.txt,7,,
exam2018/EEr_110_2.txt,7,,
exam2018/EEr_128_1.txt,7,,
exam2018/EEr_136_1.txt,7,,
exam2018/EEr_146_2.txt,7,,
exam2018/EEr_148_1.txt,7,,
exam2018/EEr_158_2.txt,7,,
exam2018/EEr_189_2.txt,7,,
exam2018/EEr_200_2.txt,7,,
exam2018/EEr_276_2.txt,7,,
exam2018/EEr_278_1.txt,7,,
exam2018/EEr_301_2.txt,7,,
exam2018/EEr_303_2.txt,7,,
exam2018/EEr_307_2.txt,7,,
exam2018/EEr_40_2.txt,7,,
exam2018/EEr_72_2.txt,7,,
exam2019/ABu_105_1.txt,7,,
exam2019/ABu_123_1.txt,7,,
exam2019/ABu_140_2.txt,7,,
exam2019/ABu_150_1.txt,7,,
exam2019/ABu_155_1.txt,7,,
exam2019/ABu_164_1.txt,7,,
exam2019/ABu_170_1.txt,7,,
exam2019/ABu_220_1.txt,7,,
exam2019/ABu_225_2.txt,7,,
exam2019/ABu_42_2.txt,7,,
exam2019/ABu_8_2.txt,7,,
exam2019/ABu_90_1.txt,7,,
exam2014/AAl_20_1.txt,8,,
exam2014/AAl_30_2.txt,8,,
exam2014/AAl_32_2.txt,8,,
exam2014/ADe_10_2.txt,8,,
exam2014/ADe_20_1.txt,8,,
exam2014/AMe_16_2.txt,8,,
exam2014/AMe_17_1.txt,8,,
exam2014/AMe_7_1.txt,8,,
exam2014/DZu_34_2.txt,8,,
exam2014/EEm_15_2.txt,8,,
exam2014/EEm_24_1.txt,8,,
exam2014/EEm_34_1.txt,8,,
exam2014/EEm_38_1.txt,8,,
exam2014/EEm_9_1.txt,8,,
exam2014/EPa_10_1.txt,8,,
exam2014/EPa_14_2.txt,8,,
exam2014/EPa_21_2.txt,8,,
exam2014/EPa_24_2.txt,8,,
exam2014/EPa_29_1.txt,8,,
exam2014/EPa_40_1.txt,8,,
exam2014/EPa_48_1.txt,8,,
exam2014/EPa_53_1.txt,8,,
exam2014/EPa_60_1.txt,8,,
exam2014/EPa_61_1.txt,8,,
exam2014/EPa_73_2.txt,8,,
exam2014/EPa_85_2.txt,8,,
exam2014/EPa_9_2.txt,8,,
exam2014/ESha_10_1.txt,8,,
exam2014/ESha_12_2.txt,8,,
exam2014/ESha_37_1.txt,8,,
exam2014/KKo_12_1.txt,8,,
exam2014/KKo_18_2.txt,8,,
exam2014/KKo_4_1.txt,8,,
exam2014/LPo_10_1.txt,8,,
exam2014/LPo_11_1.txt,8,,
exam2014/MBi_24_1.txt,8,,
exam2014/MGr_4_1.txt,8,,
exam2014/MOg_5_1.txt,8,,
exam2014/MTsy_20_1.txt,8,,
exam2014/MTsy_22_2.txt,8,,
exam2014/MTsy_35_2.txt,8,,
exam2014/MTsy_37_2.txt,8,,
exam2014/MTsy_38_1.txt,8,,
exam2014/MTsy_45_2.txt,8,,
exam2014/TSha_10_2.txt,8,,
exam2014/TSha_11_2.txt,8,,
exam2014/TSha_14_1.txt,8,,
exam2014/TSha_22_2.txt,8,,
exam2014/TSha_5_2.txt,8,,
exam2014/TSha_6_2.txt,8,,
exam2014/VKo_24_2.txt,8,,
exam2014/VPe_10_2.txt,8,,
exam2014/VPe_34_2.txt,8,,
exam2014/VPe_36_1.txt,8,,
exam2014/ZEv_11_2.txt,8,,
exam2014/ZEv_19_1.txt,8,,
exam2014/ZEv_36_1.txt,8,,
exam2016/EKu_100_1.txt,8,,
exam2016/EKu_181_2.txt,8,,
exam2016/EKu_94_1.txt,8,,
exam2016/JSl_115_2.txt,8,,
exam2016/JSl_46_1.txt,8,,
exam2016/MTsy_32_2.txt,8,,
exam2016/MTsy_39_2.txt,8,,
exam2016/MTsy_44_1.txt,8,,
exam2016/MTsy_48_2.txt,8,,
exam2016/OR_126_1.txt,8,,
exam2016/OR_23_2.txt,8,,
exam2016/OR_27_1.txt,8,,
exam2016/OR_70_1.txt,8,,
exam2016/OR_8_2.txt,8,,
exam2016/ZEv_12_1.txt,8,,
exam2016/ZEv_12_2.txt,8,,
exam2016/ZEv_18_1.txt,8,,
exam2016/ZEv_25_2.txt,8,,
exam2016/ZEv_29_1.txt,8,,
exam2016/ZEv_31_2.txt,8,,
exam2016/ZEv_35_1.txt,8,,
exam2016/ZEv_53_1.txt,8,,
exam2016/ZEv_53_2.txt,8,,
exam2016/ZEv_5_1.txt,8,,
exam2017/ABl_14_2.txt,8,,
exam2017/ABl_25_2.txt,8,,
exam2017/ABl_48_2.txt,8,,
exam2017/ABl_50_2.txt,8,,
exam2017/AGo_1_1.txt,8,,
exam2017/DOv_1_1.txt,8,,
exam2017/DOv_25_2.txt,8,,
exam2017/DOv_4_1.txt,8,,
exam2017/DPe_18_1.txt,8,,
exam2017/DPe_44_2.txt,8,,
exam2017/EGe_128_2.txt,8,,
exam2017/EGe_134_1.txt,8,,
exam2017/EGe_152_1.txt,8,,
exam2017/EGe_152_2.txt,8,,
exam2017/EGe_163_1.txt,8,,
exam2017/EGe_207_1.txt,8,,
exam2017/EGe_230_1.txt,8,,
exam2017/EGe_24_1.txt,8,,
exam2017/EGe_33_1.txt,8,,
exam2017/EGe_92_2.txt,8,,
exam2017/KTR_4_2.txt,8,,
exam2017/KTR_6_2.txt,8,,
exam2017/NChe_6_2.txt,8,,
exam2017/NMya_10_2.txt,8,,
exam2017/NMya_3_1.txt,8,,
exam2017/OBy_101_2.txt,8,,
exam2017/OBy_12_2.txt,8,,
exam2017/OBy_33_1.txt,8,,
exam2017/OBy_33_2.txt,8,,
exam2017/OBy_34_1.txt,8,,
exam2017/OBy_39_1.txt,8,,
exam2017/OBy_52_2.txt,8,,
exam2017/OBy_72_2.txt,8,,
exam2017/OBy_95_1.txt,8,,
exam2017/VSa_43_2.txt,8,,
exam2017/VSa_46_2.txt,8,,
exam2017/VSa_60_1.txt,8,,
exam2017/VSa_74_2.txt,8,,
exam2017/VSa_77_1.txt,8,,
exam2017/VSa_8_1.txt,8,,
exam2017/VSa_90_1.txt,8,,
exam2017/VSa_92_2.txt,8,,
exam2018/EEr_137_1.txt,8,,
exam2018/EEr_145_1.txt,8,,
exam2018/EEr_166_2.txt,8,,
exam2018/EEr_223_1.txt,8,,
exam2018/EEr_229_1.txt,8,,
exam2018/EEr_287_1.txt,8,,
exam2018/EEr_300_2.txt,8,,
exam2018/EEr_79_1.txt,8,,
exam2019/ABu_152_1.txt,8,,
exam2019/ABu_170_2.txt,8,,
exam2019/ABu_186_1.txt,8,,
exam2019/ABu_215_2.txt,8,,
exam2019/ABu_218_1.txt,8,,
exam2019/ABu_219_1.txt,8,,
exam2019/ABu_223_2.txt,8,,
exam2019/ABu_231_1.txt,8,,
exam2019/ABu_237_2.txt,8,,
exam2019/ABu_241_1.txt,8,,
exam2019/ABu_243_1.txt,8,,
exam2019/ABu_44_2.txt,8,,
exam2019/ABu_45_2.txt,8,,
exam2019/ABu_52_1.txt,8,,
exam2019/ABu_56_2.txt,8,,
exam2019/ABu_83_1.txt,8,,
exam2014/ADe_14_1.txt,9,,
exam2014/ASt_43_1.txt,9,,
exam2014/DAr_4_1.txt,9,,
exam2014/DZu_35_2.txt,9,,
exam2014/EEm_12_1.txt,9,,
exam2014/EEm_36_2.txt,9,,
exam2014/EEm_39_1.txt,9,,
exam2014/EPa_18_2.txt,9,,
exam2014/EPa_35_1.txt,9,,
exam2014/EPa_38_1.txt,9,,
exam2014/EPa_38_2.txt,9,,
exam2014/EPa_39_1.txt,9,,
exam2014/EPa_41_2.txt,9,,
exam2014/EPa_51_1.txt,9,,
exam2014/EPa_52_2.txt,9,,
exam2014/EPa_54_1.txt,9,,
exam2014/EPa_63_1.txt,9,,
exam2014/EPa_70_2.txt,9,,
exam2014/EPa_71_2.txt,9,,
exam2014/ESha_15_1.txt,9,,
exam2014/EZa_46_1.txt,9,,
exam2014/EZa_9_1.txt,9,,
exam2014/KKo_15_1.txt,9,,
exam2014/KKo_1_1.txt,9,,
exam2014/KKo_21_1.txt,9,,
exam2014/KKo_5_1.txt,9,,
exam2014/KKo_5_2.txt,9,,
exam2014/MBi_1_2.txt,9,,
exam2014/MGr_14_1.txt,9,,
exam2014/MGr_4_2.txt,9,,
exam2014/MTsy_44_2.txt,9,,
exam2014/TSha_10_1.txt,9,,
exam2014/VKo_7_1.txt,9,,
exam2014/VPe_43_1.txt,9,,
exam2014/VPe_51_2.txt,9,,
exam2014/ZEv_13_2.txt,9,,
exam2014/ZEv_16_1.txt,9,,
exam2014/ZEv_17_1.txt,9,,
exam2014/ZEv_24_1.txt,9,,
exam2015/IBy_8_1.txt,9,,
exam2015/KT_19_1.txt,9,,
exam2016/EKu_111_2.txt,9,,
exam2016/EKu_133_2.txt,9,,
exam2016/EKu_161_2.txt,9,,
exam2016/EKu_90_1.txt,9,,
exam2016/EKu_97_1.txt,9,,
exam2016/JSl_20_1.txt,9,,
exam2016/MTsy_12_1.txt,9,,
exam2016/MTsy_15_1.txt,9,,
exam2016/MTsy_26_1.txt,9,,
exam2016/MTsy_46_1.txt,9,,
exam2016/MTsy_52_2.txt,9,,
exam2016/OR_2_1.txt,9,,
exam2016/ZEv_13_1.txt,9,,
exam2016/ZEv_36_1.txt,9,,
exam2016/ZEv_51_1.txt,9,,
exam2016/ZEv_6_1.txt,9,,
exam2016/ZEv_9_2.txt,9,,
exam2017/ABl_11_1.txt,9,,
exam2017/ABl_20_1.txt,9,,
exam2017/ABl_33_1.txt,9,,
exam2017/ABl_38_1.txt,9,,
exam2017/ABl_3_1.txt,9,,
exam2017/ABl_45_1.txt,9,,
exam2017/ABl_47_1.txt,9,,
exam2017/ABl_47_2.txt,9,,
exam2017/AKo_1_2.txt,9,,
exam2017/AKo_2_1.txt,9,,
exam2017/DPe_11_2.txt,9,,
exam2017/EGe_156_1.txt,9,,
exam2017/EGe_191_2.txt,9,,
exam2017/EGe_79_1.txt,9,,
exam2017/MPa_55_1.txt,9,,
exam2017/MPa_58_1.txt,9,,
exam2017/NMya_13_1.txt,9,,
exam2017/NMya_25_1.txt,9,,
exam2017/OBy_102_1.txt,9,,
exam2017/OBy_10_2.txt,9,,
exam2017/OBy_116_1.txt,9,,
exam2017/OBy_11_2.txt,9,,
exam2017/OBy_195_2.txt,9,,
exam2017/OBy_22_2.txt,9,,
exam2017/OBy_29_1.txt,9,,
exam2017/OBy_43_1.txt,9,,
exam2017/OBy_50_1.txt,9,,
exam2017/OBy_62_2.txt,9,,
exam2017/OBy_63_2.txt,9,,
exam2017/OBy_65_2.txt,9,,
exam2017/OBy_75_1.txt,9,,
exam2017/OBy_80_1.txt,9,,
exam2017/OBy_84_1.txt,9,,
exam2017/VSa_10_1.txt,9,,
exam2017/VSa_71_2.txt,9,,
exam2018/EEr_101_2.txt,9,,
exam2018/EEr_132_1.txt,9,,
exam2018/EEr_227_1.txt,9,,
exam2018/EEr_272_1.txt,9,,
exam2018/EEr_31_1.txt,9,,
exam2018/EEr_81_1.txt,9,,
exam2018/EEr_84_1.txt,9,,
exam2019/ABu_149_1.txt,9,,
exam2019/ABu_150_2.txt,9,,
exam2019/ABu_151_1.txt,9,,
exam2019/ABu_166_1.txt,9,,
exam2019/ABu_218_2.txt,9,,
exam2019/ABu_223_1.txt,9,,
exam2019/ABu_224_1.txt,9,,
exam2019/ABu_226_1.txt,9,,
exam2019/ABu_57_1.txt,9,,
exam2019/ABu_95_2.txt,9,,
exam2014/AAl_21_1.txt,10,,
exam2014/AAl_23_1.txt,10,,
exam2014/AAl_27_1.txt,10,,
exam2014/AAl_28_1.txt,10,,
exam2014/ADe_20_2.txt,10,,
exam2014/AMe_19_1.txt,10,,
exam2014/ASt_30_2.txt,10,,
exam2014/EEm_18_2.txt,10,,
exam2014/EEm_29_2.txt,10,,
exam2014/EEm_5_2.txt,10,,
exam2014/EEm_7_2.txt,10,,
exam2014/EPa_1_2.txt,10,,
exam2014/EPa_20_1.txt,10,,
exam2014/EPa_37_1.txt,10,,
exam2014/EPa_50_2.txt,10,,
exam2014/EPa_51_2.txt,10,,
exam2014/EPa_53_2.txt,10,,
exam2014/EPa_62_2.txt,10,,
exam2014/ESha_20_2.txt,10,,
exam2014/KKo_6_1.txt,10,,
exam2014/LPo_12_2.txt,10,,
exam2014/LPo_13_2.txt,10,,
exam2014/LPo_20_2.txt,10,,
exam2014/MGr_6_2.txt,10,,
exam2014/TSha_17_2.txt,10,,
exam2014/ZEv_20_2.txt,10,,
exam2015/APL_5_2.txt,10,,
exam2015/KT_15_2.txt,10,,
exam2015/KT_18_1.txt,10,,
exam2015/KT_1_1.txt,10,,
exam2016/MTsy_20_1.txt,10,,
exam2016/MTsy_30_2.txt,10,,
exam2016/MTsy_50_2.txt,10,,
exam2016/MTsy_9_1.txt,10,,
exam2016/OR_26_1.txt,10,,
exam2016/ZEv_15_1.txt,10,,
exam2016/ZEv_27_1.txt,10,,
exam2016/ZEv_33_2.txt,10,,
exam2016/ZEv_44_2.txt,10,,
exam2017/ABl_21_2.txt,10,,
exam2017/ABl_27_1.txt,10,,
exam2017/ABl_35_1.txt,10,,
exam2017/ABl_44_1.txt,10,,
exam2017/ABl_44_2.txt,10,,
exam2017/ABl_48_1.txt,10,,
exam2017/DPe_16_1.txt,10,,
exam2017/DPe_23_1.txt,10,,
exam2017/EGe_101_2.txt,10,,
exam2017/EGe_140_2.txt,10,,
exam2017/EGe_141_1.txt,10,,
exam2017/EGe_160_2.txt,10,,
exam2017/EGe_177_1.txt,10,,
exam2017/EGe_262_2.txt,10,,
exam2017/EGe_268_1.txt,10,,
exam2017/EGe_97_1.txt,10,,
exam2017/MPa_21_1.txt,10,,
exam2017/MPa_27_1.txt,10,,
exam2017/OBy_107_2.txt,10,,
exam2017/OBy_120_2.txt,10,,
exam2017/OBy_150_1.txt,10,,
exam2017/OBy_150_2.txt,10,,
exam2017/OBy_28_1.txt,10,,
exam2017/OBy_35_1.txt,10,,
exam2017/OBy_48_1.txt,10,,
exam2017/OBy_51_2.txt,10,,
exam2017/OBy_54_1.txt,10,,
exam2017/OBy_90_1.txt,10,,
exam2017/VSa_73_1.txt,10,,
exam2018/EEr_160_1.txt,10,,
exam2018/EEr_167_1.txt,10,,
exam2018/EEr_204_2.txt,10,,
exam2018/EEr_263_1.txt,10,,
exam2018/EEr_267_1.txt,10,,
exam2018/EEr_29_2.txt,10,,
exam2018/EEr_56_1.txt,10,,
exam2019/ABu_119_2.txt,10,,
exam2019/ABu_202_1.txt,10,,
exam2019/ABu_242_2.txt,10,,
exam2019/ABu_96_1.txt,10,,
exam2014/AMe_8_1.txt,11,,
exam2014/EPa_18_1.txt,11,,
exam2014/EPa_22_2.txt,11,,
exam2014/EPa_26_2.txt,11,,
exam2014/EPa_29_2.txt,11,,
exam2014/EPa_30_1.txt,11,,
exam2014/EPa_44_2.txt,11,,
exam2014/EPa_49_2.txt,11,,
exam2014/EPa_4_2.txt,11,,
exam2014/EPa_50_1.txt,11,,
exam2014/EPa_5_1.txt,11,,
exam2014/EPa_6_2.txt,11,,
exam2014/EPa_83_1.txt,11,,
exam2014/EPa_8_2.txt,11,,
exam2014/KKo_1_2.txt,11,,
exam2014/KKo_24_1.txt,11,,
exam2014/KKo_2_1.txt,11,,
exam2014/KKo_7_1.txt,11,,
exam2014/LPo_13_1.txt,11,,
exam2014/MTsy_43_1.txt,11,,
exam2014/TSha_3_1.txt,11,,
exam2014/ZEv_14_1.txt,11,,
exam2014/ZEv_28_2.txt,11,,
exam2015/KT_5_2.txt,11,,
exam2016/EKu_182_1.txt,11,,
exam2016/JSl_93_2.txt,11,,
exam2016/MTsy_17_1.txt,11,,
exam2016/MTsy_3_1.txt,11,,
exam2016/MTsy_48_1.txt,11,,
exam2016/MTsy_7_2.txt,11,,
exam2016/OR_112_2.txt,11,,
exam2016/OR_15_1.txt,11,,
exam2016/OR_16_2.txt,11,,
exam2016/ZEv_11_1.txt,11,,
exam2016/ZEv_20_1.txt,11,,
exam2016/ZEv_32_1.txt,11,,
exam2017/ABl_10_1.txt,11,,
exam2017/ABl_12_1.txt,11,,
exam2017/ABl_20_2.txt,11,,
exam2017/ABl_43_1.txt,11,,
exam2017/ABl_7_1.txt,11,,
exam2017/DOv_32_1.txt,11,,
exam2017/DPe_70_1.txt,11,,
exam2017/EGe_101_1.txt,11,,
exam2017/EGe_103_1.txt,11,,
exam2017/EGe_16_2.txt,11,,
exam2017/EGe_170_1.txt,11,,
exam2017/EGe_270_2.txt,11,,
exam2017/JSl_176_1.txt,11,,
exam2017/MPa_13_1.txt,11,,
exam2017/OBy_101_1.txt,11,,
exam2017/OBy_157_2.txt,11,,
exam2017/OBy_159_2.txt,11,,
exam2017/OBy_160_1.txt,11,,
exam2017/OBy_1_2.txt,11,,
exam2017/OBy_43_2.txt,11,,
exam2017/OBy_63_1.txt,11,,
exam2017/VSa_7_2.txt,11,,
exam2017/VSa_93_2.txt,11,,
exam2018/EEr_222_2.txt,11,,
exam2018/EEr_279_1.txt,11,,
exam2018/EEr_304_1.txt,11,,
exam2019/ABu_191_1.txt,11,,
exam2019/ABu_228_1.txt,11,,
exam2014/AAl_1_1.txt,12,,
exam2014/AAl_33_1.txt,12,,
exam2014/AAl_33_2.txt,12,,
exam2014/AAl_35_2.txt,12,,
exam2014/AEr_4_1.txt,12,,
exam2014/EEm_11_1.txt,12,,
exam2014/EEm_7_1.txt,12,,
exam2014/EPa_14_1.txt,12,,
exam2014/EPa_33_1.txt,12,,
exam2014/EPa_72_2.txt,12,,
exam2014/EPa_79_1.txt,12,,
exam2014/ESha_44_2.txt,12,,
exam2014/EZa_91_1.txt,12,,
exam2014/KKo_12_2.txt,12,,
exam2014/LPo_8_2.txt,12,,
exam2014/MBi_9_2.txt,12,,
exam2014/MGr_5_1.txt,12,,
exam2014/VPe_22_1.txt,12,,
exam2014/VPe_48_1.txt,12,,
exam2015/APL_1_1.txt,12,,
exam2016/JSl_86_1.txt,12,,
exam2016/MTsy_49_1.txt,12,,
exam2016/OR_49_2.txt,12,,
exam2017/EGe_162_2.txt,12,,
exam2017/EGe_269_1.txt,12,,
exam2017/EGe_9_2.txt,12,,
exam2017/MPa_22_1.txt,12,,
exam2017/MPa_30_1.txt,12,,
exam2017/OBy_27_1.txt,12,,
exam2017/OBy_9_1.txt,12,,
exam2017/VSa_1_1.txt,12,,
exam2017/VSa_3_2.txt,12,,
exam2017/VSa_45_1.txt,12,,
exam2018/EEr_121_1.txt,12,,
exam2018/EEr_144_2.txt,12,,
exam2019/ABu_185_2.txt,12,,
exam2019/ABu_193_1.txt,12,,
exam2014/AAl_34_2.txt,13,,
exam2014/AEr_3_2.txt,13,,
exam2014/EPa_12_2.txt,13,,
exam2014/EPa_5_2.txt,13,,
exam2014/EPa_7_2.txt,13,,
exam2014/EPa_80_1.txt,13,,
exam2014/EZa_43_1.txt,13,,
exam2014/MTsy_19_1.txt,13,,
exam2014/TSha_18_2.txt,13,,
exam2014/ZEv_18_1.txt,13,,
exam2014/ZEv_9_2.txt,13,,
exam2016/LKa_2_2.txt,13,,
exam2016/OR_126_2.txt,13,,
exam2016/ZEv_9_1.txt,13,,
exam2017/ABl_31_1.txt,13,,
exam2017/ABl_37_1.txt,13,,
exam2017/ABl_37_2.txt,13,,
exam2017/ABl_46_1.txt,13,,
exam2017/DOv_15_2.txt,13,,
exam2017/EGe_14_1.txt,13,,
exam2017/EGe_204_2.txt,13,,
exam2017/OBy_130_2.txt,13,,
exam2018/EEr_134_1.txt,13,,
exam2014/ADe_9_1.txt,14,,
exam2014/EEm_13_1.txt,14,,
exam2014/TSha_8_1.txt,14,,
exam2015/KT_13_1.txt,14,,
exam2015/KT_15_1.txt,14,,
exam2016/MTsy_21_1.txt,14,,
exam2016/MTsy_5_1.txt,14,,
exam2017/ABl_16_1.txt,14,,
exam2017/ABl_3_2.txt,14,,
exam2017/ABl_8_1.txt,14,,
exam2017/EGe_102_1.txt,14,,
exam2017/EGe_111_2.txt,14,,1
exam2017/EGe_264_1.txt,14,,
exam2017/OBy_180_1.txt,14,,
exam2017/OBy_22_1.txt,14,,
exam2017/OBy_23_1.txt,14,,
exam2017/OBy_25_2.txt,14,,
exam2017/OBy_36_1.txt,14,,
exam2017/OBy_53_1.txt,14,,
exam2014/AAl_37_1.txt,15,,
exam2014/EEm_28_1.txt,15,,
exam2014/KKo_8_2.txt,15,,
exam2014/MBi_16_2.txt,15,,
exam2014/TSha_13_1.txt,15,,
exam2014/TSha_5_1.txt,15,,
exam2016/LKa_3_1.txt,15,,
exam2016/MTsy_6_1.txt,15,,
exam2016/MTsy_9_2.txt,15,,
exam2016/ZEv_49_1.txt,15,,
exam2017/ABl_5_1.txt,15,,
exam2017/JSl_175_1.txt,15,,
exam2017/OBy_137_2.txt,15,,
exam2017/OBy_42_1.txt,15,,
exam2018/EEr_285_2.txt,15,,
exam2018/EEr_301_1.txt,15,,
exam2019/ABu_14_1.txt,15,,
exam2014/EEm_32_1.txt,16,,
exam2014/MGr_8_2.txt,16,,
exam2014/MTsy_18_2.txt,16,,
exam2014/TSha_1_1.txt,16,,
exam2014/VKo_12_1.txt,16,,
exam2015/KT_20_2.txt,16,,
exam2016/MTsy_22_1.txt,16,,
exam2016/MTsy_35_1.txt,16,,
exam2016/ZEv_32_2.txt,16,,
exam2017/ABl_21_1.txt,16,,
exam2017/ABl_41_1.txt,16,,
exam2017/ABl_42_1.txt,16,,
exam2017/MPa_28_1.txt,16,,
exam2017/OBy_110_1.txt,16,,
exam2014/EPa_60_2.txt,17,,
exam2014/MBi_5_1.txt,17,,
exam2014/ZEv_12_1.txt,17,,
exam2014/ZEv_31_1.txt,17,,
exam2017/ABl_41_2.txt,17,,
exam2017/DOv_28_1.txt,17,,
exam2014/ZEv_9_1.txt,18,,
exam2016/NMa_1_2.txt,18,,
exam2017/ABl_28_1.txt,18,,
exam2017/EGe_165_1.txt,18,,
exam2017/OBy_118_1.txt,18,,
exam2017/OBy_24_1.txt,18,,
exam2019/ABu_19_1.txt,18,,
exam2017/ABl_15_1.txt,19,,
exam2017/ABl_23_1.txt,19,,
exam2017/ABl_26_1.txt,19,,
exam2014/EPa_42_2.txt,20,,
exam2017/VSa_76_2.txt,20,,
exam2018/EEr_284_1.txt,20,,
exam2017/ABl_9_1.txt,21,,
exam2017/DOv_26_1.txt,21,,
exam2017/VSa_80_2.txt,21,,
exam2016/MTsy_8_1.txt,22,,
exam2014/TSha_15_2.txt,23,,
exam2019/ABu_143_1.txt,23,,
exam2017/ABl_40_1.txt,24,,
exam2017/EGe_263_1.txt,26,,
One Error,,1743,
Four and more,,892,
